burst_idx,ASSA_57,ASSA_57_t,ASSA_57_noise,ASSA_56,ASSA_56_t,ASSA_56_noise,strength,t_peak,start,end,type,n_stations,stations,mwa_obs_at_peak,mwa_proj,mwa_dur_s
11323,27.0,2024-11-07 04:59:36.659000,0.0,19.25,2024-11-07 04:59:36.098000,0.0,19.25,2024-11-07 04:59:36.659,2024-11-07 04:56:00,2024-11-07 05:16:59,VI,13,"ALMATY, Australia-ASSA, EGYPT-SpaceAgency, INDIA-GAURI, INDIA-OOTY, INDONESIA, KASI, MONGOLIA-UB, RWANDA, SRI-Lanka, SSRT, TAIWAN-NCU, UZBEKISTAN",1414990792,G0002,8
16215,26.0,2026-01-07 06:11:13.056000,0.0,17.0,2026-01-07 06:11:12.472000,0.0,17.0,2026-01-07 06:11:13.056,2026-01-07 06:07:00,2026-01-07 06:14:59,IIIGG/3,13,"EGYPT-Alexandria, RWANDA, UZBEKISTAN, INDIA-UDAIPUR, ALMATY, INDIA-OOTY, INDIA-GAURI, SSRT, MONGOLIA-UB, TAIWAN-NCU, INDONESIA, Australia-ASSA, NZ-WAIRAKEI-DLR",1451801392,G0002,120
11766,23.25,2024-12-25 04:49:54.758000,0.0,15.25,2024-12-25 04:50:34.695000,0.0,15.25,2024-12-25 04:49:54.758,2024-12-25 04:49:00,2024-12-25 05:15:59,II,9,"Australia-ASSA, INDIA-GAURI, INDIA-OOTY, INDIA-UDAIPUR, KASI, Malaysia-Banting, SSRT, (TAIWAN-NCU), UZBEKISTAN",1419137296,OA004,240
11714,25.0,2024-12-21 00:37:50.092000,0.0,15.0,2024-12-21 00:37:50.058000,0.0,15.0,2024-12-21 00:37:50.092,2024-12-21 00:36:00,2024-12-21 00:39:59,III,3,"Australia-ASSA, KASI, Malaysia-Banting",1418776688,G0060,16
16066,23.0,2025-12-10 05:46:16.347000,0.0,14.0,2025-12-10 05:46:16.689000,0.0,14.0,2025-12-10 05:46:16.347,2025-12-10 05:46:00,2025-12-10 05:46:59,---,6,"ROMANIA, EGYPT-Alexandria, INDIA-OOTY, SSRT, INDONESIA, Australia-ASSA",1449380656,OA004,240
16200,20.0,2026-01-06 23:55:42.092000,0.0,12.0,2026-01-06 23:55:42.065000,0.0,12.0,2026-01-06 23:55:42.092,2026-01-06 23:47:00,2026-01-06 23:59:59,IIIG/3,10,"TAIWAN-NCU, INDONESIA, Australia-ASSA, NZ-WAIRAKEI-DLR, ALASKA-COHOE, ALASKA-ANCHORAGE, ALASKA-HAARP, MEXICO-LANCE, MEXART, MEXICO-FCFM-UANL",1451778960,G0002,120
15770,25.0,2025-11-11 02:00:12.732000,0.0,12.0,2025-11-11 02:00:12.173000,0.0,12.0,2025-11-11 02:00:12.732,2025-11-11 02:00:00,2025-11-11 02:00:59,---,7,"INDIA-UDAIPUR, INDIA-OOTY, SSRT, TAIWAN-NCU, INDONESIA, Australia-ASSA, NZ-WAIRAKEI-DLR",1446861616,G0002,120
10563,10.0,2024-08-10 02:31:06.949000,0.0,18.0,2024-08-10 02:31:07.047000,0.0,10.0,2024-08-10 02:31:06.949,2024-08-10 02:30:00,2024-08-10 02:31:59,RSP,4,"KASI, MONGOLIA-UB, SSRT, TAIWAN-NCU",1407292216,G0002,120
11803,23.0,2024-12-29 03:12:23.952000,0.37065,10.0,2024-12-29 03:12:23.908000,0.0,10.0,2024-12-29 03:12:23.952,2024-12-29 03:00:00,2024-12-29 03:13:59,VI,10,"Australia-ASSA, INDIA-GAURI, INDIA-OOTY, INDIA-UDAIPUR, KASI, MONGOLIA-UB, Malaysia-Banting, SSRT, TAIWAN-NCU, UZBEKISTAN",1419477136,OA004,240
10562,10.0,2024-08-10 02:31:06.949000,0.0,18.0,2024-08-10 02:31:07.047000,0.0,10.0,2024-08-10 02:31:06.949,2024-08-10 02:25:00,2024-08-10 02:40:59,VI,2,"MONGOLIA-UB, *",1407292216,G0002,120
15229,16.0,2025-09-29 04:12:34.397000,0.0,10.0,2025-09-29 04:12:33.820000,0.0,10.0,2025-09-29 04:12:34.397,2025-09-29 04:04:00,2025-09-29 04:14:59,---,6,"ROMANIA, INDIA-OOTY, INDIA-GAURI, SSRT, INDONESIA, Australia-ASSA",1443154216,OA004,240
18282,13.0,2026-08-20 04:07:09.289000,0.0,8.25,2026-08-20 04:07:09.758000,0.0,8.25,2026-08-20 04:07:09.289,2026-08-20 04:06:00,2026-08-20 04:07:59,III/2,15,"POLAND-BALDY, Finland-Kempele, UZBEKISTAN, INDIA-UDAIPUR, ALMATY, INDIA-OOTY, INDIA-GAURI, SRI-Lanka, SSRT, TAIWAN-NCU, INDONESIA, Australia-ASSA, NZ-WAIRAKEI-DLR, ALASKA-COHOE, ALASKA-HAARP",1471233856,OA004,240
15777,9.0,2025-11-11 04:31:33.065000,1.4826,7.0,2025-11-11 04:31:32.993000,0.37065,7.0,2025-11-11 04:31:33.065,2025-11-11 04:29:00,2025-11-11 04:50:59,---,10,"MRT1, ALMATY, INDIA-OOTY, INDIA-GAURI, SSRT, TAIWAN-NCU, INDONESIA, Australia-ASSA, NZ-WAIRAKEI-DLR, UZBEKISTAN",1446870616,G0002,120
18382,7.0,2026-09-06 05:12:03.423000,1.11195,6.0,2026-09-06 05:12:02.949000,0.0,6.0,2026-09-06 05:12:03.423,2026-09-06 05:10:00,2026-09-06 05:13:59,IIIG/2,18,"HUMAIN, GERMANY-ESSEN, GERMANY-DLR, AUSTRIA-UNIGRAZ, POLAND-BALDY, MRO, Finland-Kempele, MRT1, UZBEKISTAN, INDIA-UDAIPUR, INDIA-OOTY, INDIA-GAURI, SRI-Lanka, SSRT, MONGOLIA-UB, TAIWAN-NCU, Australia-ASSA, NZ-WAIRAKEI-DLR",1472706736,OA004,240
10289,6.0,2024-07-28 02:01:44.312000,4.4478,8.0,2024-07-28 02:01:51.907000,8.8956,6.0,2024-07-28 02:01:44.312,2024-07-28 01:51:00,2024-07-28 02:09:59,II,11,"ALASKA-COHOE, ALASKA-HAARP, ALMATY, Australia-ASSA, INDIA-GAURI, INDIA-OOTY, INDIA-UDAIPUR, KASI, Malaysia-Banting, SSRT, TAIWAN-NCU",1406167216,G0002,120
16090,21.0,2025-12-13 02:06:54.371000,0.0,6.0,2025-12-13 02:06:53.826000,1.4826,6.0,2025-12-13 02:06:54.371,2025-12-13 02:06:00,2025-12-13 02:09:59,---,7,"INDIA-GAURI, SSRT, MONGOLIA-UB, TAIWAN-NCU, INDONESIA, Australia-ASSA, NZ-WAIRAKEI-DLR",1449626656,OA004,240
11765,15.0,2024-12-25 04:47:39.258000,0.0,6.0,2024-12-25 04:47:38.195000,0.0,6.0,2024-12-25 04:47:39.258,2024-12-25 04:47:00,2024-12-25 04:48:59,III,7,"Australia-ASSA, INDIA-GAURI, INDIA-UDAIPUR, KASI, Malaysia-Banting, SSRT, UZBEKISTAN",1419137056,OA004,240
8102,9.0,2023-12-21 03:53:23.211000,0.0,5.0,2023-12-21 03:53:23.893000,0.0,5.0,2023-12-21 03:53:23.211,2023-12-21 03:49:00,2023-12-21 03:55:59,III,6,"Australia-ASSA, INDIA-GAURI, INDIA-OOTY, MONGOLIA-UB, SRI-Lanka, SSRT",1387165944,G0002,240
11532,13.0,2024-11-29 03:00:16.474000,0.0,5.0,2024-11-29 03:00:16.420000,0.0,5.0,2024-11-29 03:00:16.474,2024-11-29 02:56:00,2024-11-29 03:00:59,III,6,"Australia-ASSA, INDIA-GAURI, INDIA-OOTY, INDIA-UDAIPUR, MONGOLIA-UB, SSRT",1416884416,G0002,176
16085,7.0,2025-12-12 05:09:58.858000,1.4826,5.0,2025-12-12 05:09:43.170000,0.0,5.0,2025-12-12 05:09:58.858,2025-12-12 05:09:00,2025-12-12 05:13:59,---,7,"INDIA-OOTY, INDIA-GAURI, TAIWAN-NCU, INDONESIA, Australia-ASSA, NZ-WAIRAKEI-DLR, SRI-Lanka",1449551392,G0002,120
6130,5.0,2023-05-09 03:54:24.522000,0.0,,,,5.0,2023-05-09 03:54:24.522,2023-05-09 03:51:00,2023-05-09 03:54:59,II,1,SSRT,1367639664,C001,32
6129,5.0,2023-05-09 03:54:24.522000,0.0,,,,5.0,2023-05-09 03:54:24.522,2023-05-09 03:48:00,2023-05-09 03:54:59,III,15,"ALASKA-COHOE, ALASKA-HAARP, ALMATY, AUSTRIA-MICHELBACH, Australia-ASSA, FINLAND-Siuntio, INDIA-OOTY, KASI, MONGOLIA-UB, MRT1, Malaysia-Banting, NORWAY-EGERSUND, NORWAY-NY-AALESUND, ROMANIA, SSRT",1367639664,C001,32
15948,19.25,2025-12-04 02:49:52.489000,0.0,4.0,2025-12-04 02:49:43.345000,0.0,4.0,2025-12-04 02:49:52.489,2025-12-04 02:46:00,2025-12-04 02:51:59,---,8,"INDIA-UDAIPUR, INDIA-OOTY, INDIA-GAURI, SSRT, TAIWAN-NCU, INDONESIA, Australia-ASSA, NZ-WAIRAKEI-DLR",1448851800,G0060,16
8103,8.0,2023-12-21 05:35:41.891000,0.0,4.0,2023-12-21 05:36:22.629000,0.0,4.0,2023-12-21 05:35:41.891,2023-12-21 05:33:00,2023-12-21 05:39:59,IV,4,"ALMATY, KASI, Malaysia-Banting, SSRT",1387172056,OA003,120
18280,6.0,2026-08-19 02:54:54.644000,0.0,4.0,2026-08-19 02:54:54.622000,0.0,4.0,2026-08-19 02:54:54.644,2026-08-19 02:54:00,2026-08-19 02:57:59,III/2,7,"INDIA-UDAIPUR, INDIA-OOTY, INDIA-GAURI, SRI-Lanka, TAIWAN-NCU, INDONESIA, Australia-ASSA",1471143136,OA004,240
10890,4.0,2024-10-03 04:34:15.284000,0.0,6.0,2024-10-03 04:34:15.475000,0.0,4.0,2024-10-03 04:34:15.284,2024-10-03 04:32:00,2024-10-03 04:36:59,III,8,"Australia-ASSA, INDIA-GAURI, INDIA-OOTY, INDIA-UDAIPUR, KASI, Malaysia-Banting, SSRT, UZBEKISTAN",1411965256,OA004,240
11547,9.0,2024-12-02 01:40:07.759000,0.0,4.0,2024-12-02 01:40:07.718000,0.0,4.0,2024-12-02 01:40:07.759,2024-12-02 01:39:00,2024-12-02 01:41:59,III,6,"Australia-ASSA, INDIA-OOTY, MONGOLIA-UB, Malaysia-Banting, SSRT, TAIWAN-NCU",1417138816,G0060,16
5877,4.0,2023-04-20 02:45:58.936000,0.0,,,,4.0,2023-04-20 02:45:58.936,2023-04-20 02:40:00,2023-04-20 02:47:59,III,6,"ALMATY, Australia-ASSA, INDIA-GAURI, INDIA-OOTY, INDIA-UDAIPUR, SSRT",1365993880,D0000,296
16281,9.25,2026-01-10 03:00:18.008000,1.11195,4.0,2026-01-10 03:00:16.454000,0.0,4.0,2026-01-10 03:00:18.008,2026-01-10 02:50:00,2026-01-10 03:00:59,III/2,6,"INDIA-UDAIPUR, INDIA-GAURI, SSRT, INDONESIA, Australia-ASSA, NZ-WAIRAKEI-DLR",1452049216,G0002,120
15224,11.0,2025-09-29 01:42:41.553000,0.0,4.0,2025-09-29 01:42:41.994000,0.0,4.0,2025-09-29 01:42:41.553,2025-09-29 01:42:00,2025-09-29 01:54:59,---,5,"ALASKA-COHOE, ALASKA-HAARP, SSRT, INDONESIA, Australia-ASSA",1443145368,G0060,16
16877,4.25,2026-03-30 03:41:36.349000,1.4826,4.0,2026-03-30 03:41:48.308000,1.4826,4.0,2026-03-30 03:41:36.349,2026-03-30 03:03:00,2026-03-30 04:00:59,IV,7,"INDIA-UDAIPUR, INDIA-OOTY, INDIA-GAURI, Australia-ASSA, NZ-WAIRAKEI-DLR, SSRT, UZBEKISTAN",1458877312,G0002,120
14541,7.0,2025-07-28 04:08:51.742000,0.0,4.0,2025-07-28 04:08:51.707000,0.0,4.0,2025-07-28 04:08:51.742,2025-07-28 04:08:00,2025-07-28 04:10:59,---,15,"ALASKA-COHOE, ALASKA-HAARP, NORWAY-EGERSUND, GERMANY-DLR, AUSTRIA-UNIGRAZ, FINLAND-Siuntio, MRO, INDIA-OOTY, SSRT, TAIWAN-NCU, Australia-ASSA, NZ-WAIRAKEI, UZBEKISTAN, POLAND-BALDY, SRI-Lanka",1437710776,OA004,240
11802,7.0,2024-12-29 02:25:04.840000,0.0,4.0,2024-12-29 02:25:04.806000,0.0,4.0,2024-12-29 02:25:04.840,2024-12-29 02:25:00,2024-12-29 02:26:59,III,5,"Australia-ASSA, INDIA-GAURI, KASI, Malaysia-Banting, SSRT",1419474256,OA004,240
16201,4.0,2026-01-07 00:01:33.129000,0.185325,3.625,2026-01-07 00:01:33.596000,0.0,3.625,2026-01-07 00:01:33.129,2026-01-07 00:00:00,2026-01-07 00:18:59,IIIGG/3,5,"TAIWAN-NCU, INDONESIA, Australia-ASSA, NZ-WAIRAKEI-DLR, ALASKA-HAARP",1451779192,G0002,120
7643,3.25,2023-09-15 05:17:57.795000,0.0,7.25,2023-09-15 05:17:57.997000,0.0,3.25,2023-09-15 05:17:57.795,2023-09-15 05:17:00,2023-09-15 05:18:59,III,14,"ALMATY, AUSTRIA-UNIGRAZ, Australia-ASSA, DENMARK, EGYPT-Alexandria, FINLAND-Siuntio, GERMANY-DLR, HURBANOVO, INDIA-GAURI, KASI, MRO, Malaysia-Banting, ROMANIA, SSRT",1378790232,G0002,296
7913,6.0,2023-11-28 02:16:44.503000,0.0,3.25,2023-11-28 02:16:43.647000,0.0,3.25,2023-11-28 02:16:44.503,2023-11-28 02:12:00,2023-11-28 02:17:59,III,2,"Australia-ASSA, SSRT",1385172976,G0002,240
15773,4.0,2025-11-11 03:01:55.863000,1.4826,3.0,2025-11-11 03:01:56.299000,0.555975,3.0,2025-11-11 03:01:55.863,2025-11-11 03:01:00,2025-11-11 03:04:59,---,4,"INDIA-GAURI, SSRT, Australia-ASSA, NZ-WAIRAKEI-DLR",1446865216,G0002,120
15751,4.0,2025-11-10 06:00:53.289000,0.0,3.0,2025-11-10 06:00:34.198000,0.0,3.0,2025-11-10 06:00:53.289,2025-11-10 05:58:00,2025-11-10 06:04:59,---,5,"INDIA-OOTY, INDIA-GAURI, SSRT, Australia-ASSA, NZ-WAIRAKEI-DLR",1446789616,G0002,120
10877,3.0,2024-10-02 05:33:21.875000,0.0,5.0,2024-10-02 05:33:27.092000,0.0,3.0,2024-10-02 05:33:21.875,2024-10-02 05:33:00,2024-10-02 05:34:59,III,11,"ALMATY, AUSTRIA-UNIGRAZ, Australia-ASSA, EGYPT-Alexandria, INDIA-GAURI, INDIA-OOTY, INDIA-UDAIPUR, KASI, Malaysia-Banting, SSRT, UZBEKISTAN",1411882216,OA004,240
10891,3.0,2024-10-03 04:55:14.310000,0.0,4.0,2024-10-03 04:55:15.011000,0.0,3.0,2024-10-03 04:55:14.310,2024-10-03 04:55:00,2024-10-03 04:55:59,III,5,"Australia-ASSA, INDIA-GAURI, INDIA-OOTY, INDIA-UDAIPUR, SSRT",1411966456,OA004,240
16122,6.0,2025-12-27 01:51:46.826000,0.0,3.0,2025-12-27 01:51:51.778000,1.4826,3.0,2025-12-27 01:51:46.826,2025-12-27 01:48:00,2025-12-27 01:57:59,---,8,"INDIA-GAURI, SSRT, MONGOLIA-UB, TAIWAN-NCU, INDONESIA, Australia-ASSA, SRI-Lanka, NZ-WAIRAKEI-DLR",1450835520,G0002,120
7640,3.0,2023-09-15 03:10:32.556000,0.0,5.25,2023-09-15 03:10:34.198000,0.0,3.0,2023-09-15 03:10:32.556,2023-09-15 03:10:00,2023-09-15 03:10:59,III,7,"ALMATY, Australia-ASSA, INDIA-GAURI, INDIA-OOTY, KASI, Malaysia-Banting, SSRT",1378782536,G0002,296
11326,6.0,2024-11-07 07:23:34.014000,0.0,3.0,2024-11-07 07:23:34.428000,0.0,3.0,2024-11-07 07:23:34.014,2024-11-07 07:20:00,2024-11-07 07:25:59,III,28,"ALMATY, AUSTRIA-MICHELBACH, AUSTRIA-UNIGRAZ, Australia-ASSA, EGYPT-Alexandria, EGYPT-SpaceAgency, GERMANY-DLR, GERMANY-ESSEN, HUMAIN, HURBANOVO, INDIA-GAURI, INDIA-OOTY, ITALY-Strassolt, MONGOLIA-UB, MRO, MRT1, ROMANIA, RWANDA, SRI-Lanka, SSRT, SWISS-CalU, SWISS-HEITERSWIL, SWISS-IRSOL, SWISS-Landschlacht, TAIWAN-NCU, TRIEST, USA-BOSTON, UZBEKISTAN",1414999432,G0002,16
12070,12.0,2025-01-18 02:55:07.451000,1.4826,3.0,2025-01-18 02:55:04.904000,0.0,3.0,2025-01-18 02:55:07.451,2025-01-18 02:54:00,2025-01-18 02:55:59,---,5,"KASI, SSRT, TAIWAN-NCU, Australia-ASSA, Malaysia-Banting",1421204032,G0002,120
8026,3.0,2023-12-11 04:52:15.345000,0.0,6.0,2023-12-11 04:50:26.060000,0.0,3.0,2023-12-11 04:52:15.345,2023-12-11 04:47:00,2023-12-11 05:00:59,VI,6,"ALMATY, Australia-ASSA, INDIA-GAURI, INDIA-OOTY, MONGOLIA-UB, SSRT",1386305536,OA003,120
18218,5.0,2026-07-29 02:00:36.010000,0.0,3.0,2026-07-29 02:00:36.506000,0.0,3.0,2026-07-29 02:00:36.010,2026-07-29 01:55:00,2026-07-29 02:01:59,III/2,14,"MRO, INDIA-UDAIPUR, ALMATY, INDIA-OOTY, INDIA-GAURI, SRI-Lanka, SSRT, MONGOLIA-UB, TAIWAN-NCU, INDONESIA, Australia-ASSA, NZ-WAIRAKEI-DLR, ALASKA-COHOE, ALASKA-HAARP",1469325616,G0002,120
9986,3.0,2024-06-29 03:31:54.468000,0.0,5.0,2024-06-29 03:31:54.591000,0.0,3.0,2024-06-29 03:31:54.468,2024-06-29 03:31:00,2024-06-29 03:32:59,III,21,"ALASKA-COHOE, ALASKA-HAARP, ALGERIA-CRAAG, AUSTRIA-UNIGRAZ, Australia-ASSA, FINLAND-Siuntio, GERMANY-DLR, HURBANOVO, INDIA-GAURI, INDIA-OOTY, KASI, [MONGOLIA-UB+8h], MRO, (Malaysia-Banting), NORWAY-EGERSUND, (ROMANIA), SSRT, SWISS-HEITERSWIL, (SWISS-Landschlacht), TAIWAN-NCU, USA-BOSTON",1403667016,OA004,240
11783,8.0,2024-12-28 02:59:01.411000,1.4826,3.0,2024-12-28 02:59:00.856000,0.0,3.0,2024-12-28 02:59:01.411,2024-12-28 02:58:00,2024-12-28 03:00:59,V,7,"Australia-ASSA, INDIA-GAURI, INDIA-OOTY, INDIA-UDAIPUR, MONGOLIA-UB, SSRT, TAIWAN-NCU",1419389776,OA004,240
11782,8.0,2024-12-28 02:59:01.411000,1.4826,3.0,2024-12-28 02:59:00.856000,0.0,3.0,2024-12-28 02:59:01.411,2024-12-28 02:56:00,2024-12-28 03:02:59,III,8,"Australia-ASSA, INDIA-OOTY, INDIA-UDAIPUR, KASI, MONGOLIA-UB, Malaysia-Banting, SSRT, TAIWAN-NCU",1419389776,OA004,240
10861,3.0,2024-09-30 05:08:21.814000,0.37065,4.0,2024-09-30 05:08:22.510000,0.0,3.0,2024-09-30 05:08:21.814,2024-09-30 05:08:00,2024-09-30 05:08:59,III,4,"Australia-ASSA, KASI, SSRT, UZBEKISTAN",1411707976,OA004,240
10122,2.0,2024-07-18 04:30:38.559000,0.0,2.0,2024-07-18 04:31:39.211000,0.0,2.0,2024-07-18 04:30:38.559,2024-07-18 04:30:00,2024-07-18 04:32:59,III,9,"Australia-ASSA, FINLAND-Siuntio, [HUMAIN], HURBANOVO, INDIA-GAURI, INDIA-OOTY, INDIA-UDAIPUR, KASI, SSRT",1405312216,G0002,120
16293,2.0,2026-01-11 00:46:01.676000,0.0,2.0,2026-01-11 00:46:01.640000,0.37065,2.0,2026-01-11 00:46:01.676,2026-01-11 00:46:00,2026-01-11 00:46:59,CTM/1,3,"Australia-ASSA, NZ-WAIRAKEI-DLR, ROSWELL-NM",1452127560,G0002,120
10428,2.0,2024-08-05 02:31:22.455000,0.0,2.25,2024-08-05 02:31:13.555000,0.0,2.0,2024-08-05 02:31:22.455,2024-08-05 02:27:00,2024-08-05 02:33:59,V?,2,"Australia-ASSA, *",1406860216,G0002,120
16135,2.0,2026-01-02 02:57:17.989000,0.0,2.0,2026-01-02 02:57:17.940000,0.0,2.0,2026-01-02 02:57:17.989,2026-01-02 02:56:00,2026-01-02 03:00:59,II/2,5,"Australia-ASSA, INDIA-OOTY, INDONESIA, SSRT, (NZ-WAIRAKEI-DLR)",1451357752,G0002,120
16602,2.0,2026-02-06 02:01:48.781000,0.0,2.0,2026-02-06 02:01:48.742000,0.37065,2.0,2026-02-06 02:01:48.781,2026-02-06 02:01:00,2026-02-06 02:04:59,III/1,2,"Australia-ASSA, NZ-WAIRAKEI-DLR",1454378416,G0002,120
16603,2.0,2026-02-06 02:01:48.781000,0.0,2.0,2026-02-06 02:01:48.742000,0.37065,2.0,2026-02-06 02:01:48.781,2026-02-06 02:01:00,2026-02-06 02:04:59,CTM,2,"Australia-ASSA, NZ-WAIRAKEI-DLR",1454378416,G0002,120
15900,2.0,2025-12-01 03:30:17.501000,0.0,2.0,2025-12-01 03:30:33.366000,0.0,2.0,2025-12-01 03:30:17.501,2025-12-01 03:27:00,2025-12-01 03:35:59,---,8,"INDIA-OOTY, INDIA-GAURI, SSRT, MONGOLIA-UB, TAIWAN-NCU, INDONESIA, Australia-ASSA, NZ-WAIRAKEI-DLR",1448595016,G0002,120
16084,4.0,2025-12-12 05:01:57.858000,1.4826,2.0,2025-12-12 05:01:14.670000,0.0,2.0,2025-12-12 05:01:57.858,2025-12-12 05:01:00,2025-12-12 05:02:59,---,5,"INDIA-GAURI, SSRT, Australia-ASSA, NZ-WAIRAKEI-DLR, UZBEKISTAN",1449550816,G0002,120
11644,5.0,2024-12-11 06:22:06.938000,0.0,2.0,2024-12-11 06:22:04.360000,0.0,2.0,2024-12-11 06:22:06.938,2024-12-11 06:21:00,2024-12-11 06:26:59,III,10,"(ALMATY), Australia-ASSA, EGYPT-Alexandria, INDIA-GAURI, INDIA-OOTY, INDIA-UDAIPUR, KASI, Malaysia-Banting, SSRT, TAIWAN-NCU",1417933232,G0002,120
12170,3.0,2025-01-24 04:32:06.167000,0.0,2.0,2025-01-24 04:32:06.605000,0.0,2.0,2025-01-24 04:32:06.167,2025-01-24 04:32:00,2025-01-24 04:33:59,---,7,"SRI-Lanka, Australia-ASSA, ALMATY, MONGOLIA-UB, SSRT, UZBEKISTAN, TAIWAN-NCU",1421728216,G0002,176
12169,4.0,2025-01-24 04:17:46.633000,0.0,2.0,2025-01-24 04:17:46.071000,0.0,2.0,2025-01-24 04:17:46.633,2025-01-24 04:14:00,2025-01-24 04:19:59,---,9,"SRI-Lanka, Australia-ASSA, KASI, ALMATY, SSRT, MONGOLIA-UB, UZBEKISTAN, INDIA-OOTY, TAIWAN-NCU",1421727472,G0002,120
12723,3.0,2025-03-07 04:31:58.575000,0.0,2.0,2025-03-07 04:31:58.529000,0.0,2.0,2025-03-07 04:31:58.575,2025-03-07 04:31:00,2025-03-07 04:33:59,---,6,"Australia-ASSA, INDIA-OOTY, SRI-Lanka, TAIWAN-NCU, MONGOLIA-UB, SSRT",1425357016,G0002,176
11800,7.0,2024-12-29 01:24:54.206000,0.0,2.0,2024-12-29 01:13:52.634000,0.0,2.0,2024-12-29 01:24:54.206,2024-12-29 01:11:00,2024-12-29 01:26:59,VI,2,"Australia-ASSA, TAIWAN-NCU",1419470656,OA004,240
11771,2.0,2024-12-27 04:03:16.585000,0.0,2.0,2024-12-27 04:03:17.033000,0.0,2.0,2024-12-27 04:03:16.585,2024-12-27 04:03:00,2024-12-27 04:03:59,III,7,"Australia-ASSA, INDIA-GAURI, INDIA-OOTY, INDIA-UDAIPUR, MONGOLIA-UB, SSRT, TAIWAN-NCU",1419307216,OA004,240
15142,3.0,2025-09-20 05:16:59.018000,0.0,2.0,2025-09-20 05:16:58.939000,0.0,2.0,2025-09-20 05:16:59.018,2025-09-20 05:16:00,2025-09-20 05:17:59,---,7,"EGYPT-Alexandria, ALMATY, INDIA-OOTY, SSRT, TAIWAN-NCU, INDONESIA, Australia-ASSA",1442380632,G0060,16
15225,6.0,2025-09-29 02:01:55.621000,0.0,2.0,2025-09-29 02:01:55.559000,0.0,2.0,2025-09-29 02:01:55.621,2025-09-29 02:01:00,2025-09-29 02:02:59,---,5,"ALASKA-COHOE, ALASKA-HAARP, SSRT, INDONESIA, Australia-ASSA",1443146416,G0002,120
11604,3.0,2024-12-09 04:01:01.071000,0.0,2.0,2024-12-09 04:00:49.020000,0.0,2.0,2024-12-09 04:01:01.071,2024-12-09 04:00:00,2024-12-09 04:01:59,III,6,"Australia-ASSA, INDIA-GAURI, INDIA-OOTY, MONGOLIA-UB, SSRT, TAIWAN-NCU",1417752048,G0002,56
10908,2.0,2024-10-04 04:36:15.258000,0.0,2.0,2024-10-04 04:43:06.951000,0.0,2.0,2024-10-04 04:36:15.258,2024-10-04 04:34:00,2024-10-04 04:56:59,VI,6,"Australia-ASSA, INDIA-GAURI, INDIA-OOTY, INDIA-UDAIPUR, SSRT, UZBEKISTAN",1412051656,OA004,240
11603,5.0,2024-12-09 00:57:49.123000,0.0,2.0,2024-12-09 00:57:49.590000,0.0,2.0,2024-12-09 00:57:49.123,2024-12-09 00:51:00,2024-12-09 00:58:59,III,7,"ALASKA-COHOE, ALASKA-HAARP, Australia-ASSA, MEXART, MONGOLIA-UB, Malaysia-Banting, TAIWAN-NCU",1417740992,G0002,120
16851,2.0,2026-03-26 06:19:46.198000,0.0,3.0,2026-03-26 06:19:42.120000,0.0,2.0,2026-03-26 06:19:46.198,2026-03-26 06:16:00,2026-03-26 06:27:59,II/2,12,"GERMANY-DLR, AUSTRIA-UNIGRAZ, POLAND-BALDY, MRO, ROMANIA, EGYPT-Alexandria, INDIA-UDAIPUR, INDIA-OOTY, INDIA-GAURI, SSRT, TAIWAN-NCU, Australia-ASSA",1458541200,G0060,16
15953,4.25,2025-12-04 06:31:21.061000,0.0,2.0,2025-12-04 06:31:12.879000,0.0,2.0,2025-12-04 06:31:21.061,2025-12-04 06:18:00,2025-12-04 06:39:59,---,9,"ROMANIA, EGYPT-Alexandria, INDIA-OOTY, INDIA-GAURI, SSRT, TAIWAN-NCU, INDONESIA, Australia-ASSA, NZ-WAIRAKEI-DLR",1448865016,G0002,120
11263,5.25,2024-11-02 02:48:00.386000,0.0,2.0,2024-11-02 02:48:00.343000,0.0,2.0,2024-11-02 02:48:00.386,2024-11-02 02:48:00,2024-11-02 02:48:59,III,5,"Australia-ASSA, KASI, Malaysia-Banting, SSRT, UZBEKISTAN",1414550896,G0002,8
11029,2.0,2024-10-15 01:38:00.025000,0.0,4.0,2024-10-15 01:38:00.149000,0.0,2.0,2024-10-15 01:38:00.025,2024-10-15 01:38:00,2024-10-15 01:39:59,III,2,"Australia-ASSA, SSRT",1412991488,G0060,16
11021,2.0,2024-10-14 00:15:10.375000,0.0,4.0,2024-10-14 00:15:09.960000,1.4826,2.0,2024-10-14 00:15:10.375,2024-10-14 00:15:00,2024-10-14 00:23:59,II,8,"ALASKA-COHOE, ALASKA-HAARP, (INDONESIA), KASI, MEXART, MEXICO-LANCE, SSRT, TAIWAN-NCU",1412900072,G0002,120
16041,4.0,2025-12-08 05:00:44.769000,0.0,2.0,2025-12-08 05:00:15.619000,0.0,2.0,2025-12-08 05:00:44.769,2025-12-08 04:56:00,2025-12-08 05:01:59,---,9,"ALMATY, INDIA-OOTY, INDIA-GAURI, SSRT, TAIWAN-NCU, INDONESIA, Australia-ASSA, NZ-WAIRAKEI-DLR, SRI-Lanka",1449205216,G0002,88
16675,5.0,2026-02-08 04:31:33.136000,0.0,2.0,2026-02-08 04:31:34.067000,0.0,2.0,2026-02-08 04:31:33.136,2026-02-08 04:31:00,2026-02-08 04:32:59,IIIGG/3,10,"POLAND-Grotniki, INDIA-UDAIPUR, INDIA-OOTY, INDIA-GAURI, SSRT, MONGOLIA-UB, TAIWAN-NCU, INDONESIA, Australia-ASSA, NZ-WAIRAKEI-DLR",1454560216,G0002,120
12551,2.0,2025-02-24 07:03:53.933000,0.0,2.0,2025-02-24 07:04:09.865000,0.0,2.0,2025-02-24 07:03:53.933,2025-02-24 07:00:00,2025-02-24 07:22:59,---,21,"SWISS-Landschlacht, KASI, EGYPT-Alexandria, SWISS-CalU, GERMANY-DLR, MRT1, Croatia-Visnjan, USA-BOSTON, MRO, Australia-ASSA, INDIA-GAURI, Malaysia-Banting, TRIEST, SRI-Lanka, INDIA-OOTY, SSRT, ALMATY, HUMAIN, MONGOLIA-UB, AUSTRIA-UNIGRAZ, TAIWAN-NCU",1424415848,G0002,120
8058,5.25,2023-12-15 05:32:10.411000,0.0,2.0,2023-12-15 05:32:20.645000,0.0,2.0,2023-12-15 05:32:10.411,2023-12-15 05:31:00,2023-12-15 05:36:59,III,6,"Australia-ASSA, EGYPT-Alexandria, INDIA-GAURI, INDIA-OOTY, MONGOLIA-UB, SSRT",1386653536,OA003,120
8118,3.0,2023-12-23 06:11:54.006000,0.0,2.0,2023-12-23 06:11:54.253000,0.0,2.0,2023-12-23 06:11:54.006,2023-12-23 06:11:00,2023-12-23 06:11:59,RBR,6,"ALMATY, Australia-ASSA, INDIA-GAURI, INDIA-OOTY, Malaysia-Banting, SSRT",1387347016,OA003,120
7642,2.0,2023-09-15 04:09:36.657000,0.0,2.0,2023-09-15 04:09:07.825000,0.0,2.0,2023-09-15 04:09:36.657,2023-09-15 04:08:00,2023-09-15 04:10:59,DCIM,5,"ALMATY, Australia-ASSA, KASI, Malaysia-Banting, SSRT",1378786088,G0002,296
8099,2.0,2023-12-21 01:21:51.949000,0.0,2.0,2023-12-21 01:21:38.565000,0.0,2.0,2023-12-21 01:21:51.949,2023-12-21 01:21:00,2023-12-21 01:23:59,III,1,Australia-ASSA,1387156816,G0002,240
7641,2.0,2023-09-15 03:35:10.109000,0.0,3.0,2023-09-15 03:35:28.265000,0.0926625,2.0,2023-09-15 03:35:10.109,2023-09-15 03:33:00,2023-09-15 03:35:59,DCIM,5,"ALMATY, Australia-ASSA, KASI, Malaysia-Banting, SSRT",1378784016,G0002,296
8100,4.0,2023-12-21 02:23:57.547000,0.37065,2.0,2023-12-21 02:23:56.194000,0.0,2.0,2023-12-21 02:23:57.547,2023-12-21 02:23:00,2023-12-21 02:25:59,V,4,"Australia-ASSA, INDIA-OOTY, MONGOLIA-UB, SSRT",1387160416,G0002,240
8122,2.0,2023-12-24 04:46:54.809000,0.0,2.0,2023-12-24 04:46:55.527000,0.0,2.0,2023-12-24 04:46:54.809,2023-12-24 04:46:00,2023-12-24 04:46:59,III,1,Australia-ASSA,1387428264,G0002,240
18085,2.0,2026-07-22 05:00:05.437000,0.37065,3.0,2026-07-22 05:00:05.392000,0.0,2.0,2026-07-22 05:00:05.437,2026-07-22 05:00:00,2026-07-22 05:00:59,U/2,8,"SWISS-HB9SCT, FINLAND-RUISSALO, MRO, INDIA-UDAIPUR, INDIA-GAURI, SSRT, TAIWAN-NCU, Australia-ASSA",1468731616,G0002,120
8104,3.0,2023-12-21 05:40:19.891000,0.0,2.0,2023-12-21 05:40:35.629000,0.0,2.0,2023-12-21 05:40:19.891,2023-12-21 05:40:00,2023-12-21 05:47:59,III,5,"Australia-ASSA, INDIA-GAURI, INDIA-OOTY, MONGOLIA-UB, SSRT",1387172424,G0002,240
9592,2.0,2024-05-19 04:04:43.491000,0.0,2.0,2024-05-19 04:04:43.118000,0.0,2.0,2024-05-19 04:04:43.491,2024-05-19 04:04:00,2024-05-19 04:07:59,III,15,"ALASKA-COHOE, ALASKA-HAARP, ALMATY, Australia-ASSA, FINLAND-Siuntio, GERMANY-DLR, INDIA-GAURI, INDIA-UDAIPUR, KASI, MRO, Malaysia-Banting, NORWAY-EGERSUND, (ROMANIA), SSRT, SWISS-Landschlacht",1400126416,G0002,296
14898,1.25,2025-08-28 05:00:35.912000,0.0,2.0,2025-08-28 05:00:35.865000,0.0,1.25,2025-08-28 05:00:35.912,2025-08-28 04:59:00,2025-08-28 05:01:59,---,14,"ALASKA-COHOE, HUMAIN, GERMANY-ESSEN, GERMANY-DLR, AUSTRIA-UNIGRAZ, MRO, INDIA-UDAIPUR, INDIA-OOTY, SSRT, TAIWAN-NCU, INDONESIA, Australia-ASSA, UZBEKISTAN, SRI-Lanka",1440392416,G0002,120
15372,1.0,2025-10-15 07:18:04.377000,0.0,1.0,2025-10-15 07:18:04.278000,0.0,1.0,2025-10-15 07:18:04.377,2025-10-15 07:17:00,2025-10-15 07:18:59,---,16,"BIR, NORWAY-EGERSUND, SWISS-CalU, SWISS-HEITERSWIL, SWISS-Landschlacht, GERMANY-DLR, TRIEST, AUSTRIA-UNIGRAZ, HURBANOVO, MRO, INDIA-UDAIPUR, INDIA-GAURI, SSRT, TAIWAN-NCU, INDONESIA, Australia-ASSA",1444547888,G0060,16
15532,2.0,2025-11-03 06:12:05.227000,0.0,1.0,2025-11-03 06:11:50.147000,0.0,1.0,2025-11-03 06:12:05.227,2025-11-03 06:08:00,2025-11-03 06:12:59,---,6,"INDIA-OOTY, INDIA-GAURI, SSRT, TAIWAN-NCU, Australia-ASSA, NZ-WAIRAKEI-DLR",1446185528,G0060,16
18299,1.0,2026-08-26 06:31:01.655000,0.0,1.0,2026-08-26 06:31:02.099000,0.0,1.0,2026-08-26 06:31:01.655,2026-08-26 06:31:00,2026-08-26 06:31:59,RBR/1,2,"SOUTHAFRICA-SANSA, GERMANY-DLR",1471761016,G0002,120
18318,1.0,2026-08-31 03:31:00.230000,0.37065,1.0,2026-08-31 03:31:47.706000,0.0,1.0,2026-08-31 03:31:00.230,2026-08-31 03:31:00,2026-08-31 03:33:59,III/3,14,"MRO, INDIA-UDAIPUR, ALMATY, INDIA-OOTY, INDIA-GAURI, SRI-Lanka, SSRT, MONGOLIA-UB, TAIWAN-NCU, INDONESIA, Australia-ASSA, ALASKA-COHOE, ALASKA-ANCHORAGE, ALASKA-HAARP",1472182216,G0002,120
15511,1.0,2025-10-30 04:30:05.123000,0.0,1.0,2025-10-30 04:30:05.039000,0.0,1.0,2025-10-30 04:30:05.123,2025-10-30 04:28:00,2025-10-30 04:38:59,---,10,"HURBANOVO, FINLAND-Siuntio, INDIA-OOTY, INDIA-GAURI, SSRT, TAIWAN-NCU, INDONESIA, Australia-ASSA, SRI-Lanka, NZ-WAIRAKEI-DLR",1445833816,G0002,120
15510,1.0,2025-10-30 04:01:02.553000,0.0,1.0,2025-10-30 04:01:02.469000,0.0,1.0,2025-10-30 04:01:02.553,2025-10-30 04:01:00,2025-10-30 04:02:59,---,7,"ROMANIA, INDIA-OOTY, INDIA-GAURI, TAIWAN-NCU, Australia-ASSA, SRI-Lanka, NZ-WAIRAKEI-DLR",1445832016,G0002,120
15430,1.0,2025-10-19 06:30:08.309000,0.0,1.0,2025-10-19 06:30:08.208000,0.0,1.0,2025-10-19 06:30:08.309,2025-10-19 06:30:00,2025-10-19 06:33:59,---,9,"HUMAIN, SWISS-IRSOL, TRIEST, AUSTRIA-UNIGRAZ, INDIA-UDAIPUR, INDIA-GAURI, SSRT, TAIWAN-NCU, Australia-ASSA",1444890616,G0002,120
15429,1.0,2025-10-19 06:00:09.234000,0.0,1.0,2025-10-19 06:00:11.636000,0.0,1.0,2025-10-19 06:00:09.234,2025-10-19 06:00:00,2025-10-19 06:01:59,---,4,"INDIA-GAURI, SSRT, TAIWAN-NCU, Australia-ASSA",1444888816,G0002,120
18354,1.0,2026-09-05 04:37:04.865000,0.0,1.0,2026-09-05 04:37:05.336000,0.0,1.0,2026-09-05 04:37:04.865,2026-09-05 04:37:00,2026-09-05 04:37:59,III/1,4,"MRO, INDIA-GAURI, Australia-ASSA, NZ-WAIRAKEI-DLR",1472618176,OA004,240
15162,1.0,2025-09-22 07:21:26.306000,0.0,1.0,2025-09-22 07:21:30.704000,0.0,1.0,2025-09-22 07:21:26.306,2025-09-22 07:18:00,2025-09-22 07:22:59,---,19,"BIR, HUMAIN, NORWAY-EGERSUND, GERMANY-ESSEN, SWISS-CalU, SWISS-IRSOL, SWISS-HEITERSWIL, SWISS-Landschlacht, GERMANY-DLR, TRIEST, AUSTRIA-UNIGRAZ, EGYPT-Alexandria, INDIA-UDAIPUR, INDIA-OOTY, INDIA-GAURI, SSRT, TAIWAN-NCU, Australia-ASSA, FINLAND-RUISSALO",1442560904,G0060,16
15352,1.0,2025-10-14 03:00:05.262000,0.0,1.0,2025-10-14 03:00:11.194000,0.0,1.0,2025-10-14 03:00:05.262,2025-10-14 03:00:00,2025-10-14 03:03:59,---,6,"INDIA-OOTY, INDIA-GAURI, Australia-ASSA, UZBEKISTAN, SRI-Lanka, NZ-WAIRAKEI",1444446016,G0002,120
15203,1.0,2025-09-28 05:30:05.057000,0.0,1.0,2025-09-28 05:30:23.484000,0.0,1.0,2025-09-28 05:30:05.057,2025-09-28 05:30:00,2025-09-28 05:30:59,---,3,"INDIA-OOTY, SSRT, Australia-ASSA",1443072616,G0002,120
18339,1.0,2026-09-03 05:01:01.448000,0.0,1.0,2026-09-03 05:01:01.407000,0.0,1.0,2026-09-03 05:01:01.448,2026-09-03 05:01:00,2026-09-03 05:01:59,III/1,4,"MRO, INDIA-UDAIPUR, INDIA-GAURI, Australia-ASSA",1472446816,OA004,240
15230,2.0,2025-09-29 04:22:38.930000,0.0,1.0,2025-09-29 04:22:00.854000,0.0,1.0,2025-09-29 04:22:38.930,2025-09-29 04:22:00,2025-09-29 04:22:59,---,4,"INDIA-OOTY, INDIA-GAURI, SSRT, Australia-ASSA",1443154936,OA004,240
15549,1.0,2025-11-04 04:00:10.481000,0.0,1.0,2025-11-04 04:00:06.911000,0.0,1.0,2025-11-04 04:00:10.481,2025-11-04 04:00:00,2025-11-04 04:02:59,---,5,"ROMANIA, INDIA-GAURI, SSRT, Australia-ASSA, NZ-WAIRAKEI-DLR",1446264016,G0002,120
18334,1.0,2026-09-03 03:19:00.205000,0.0,1.0,2026-09-03 03:19:00.181000,0.0,1.0,2026-09-03 03:19:00.205,2026-09-03 03:19:00,2026-09-03 03:19:59,III/1,3,"INDIA-GAURI, Australia-ASSA, NZ-WAIRAKEI-DLR",1472440576,OA004,240
18335,1.0,2026-09-03 03:49:00.272000,0.0,1.0,2026-09-03 03:49:01.750000,0.0,1.0,2026-09-03 03:49:00.272,2026-09-03 03:49:00,2026-09-03 03:50:59,III/2,7,"INDIA-UDAIPUR, INDIA-OOTY, INDIA-GAURI, SRI-Lanka, TAIWAN-NCU, Australia-ASSA, NZ-WAIRAKEI-DLR",1472442496,OA004,240
15160,1.0,2025-09-22 04:09:34.367000,1.11195,1.0,2025-09-22 04:09:38.290000,0.0,1.0,2025-09-22 04:09:34.367,2025-09-22 04:08:00,2025-09-22 04:16:59,---,4,"MRO, INDIA-GAURI, SSRT, Australia-ASSA",1442549392,G0002,120
18337,1.0,2026-09-03 04:46:03.411000,0.0,1.0,2026-09-03 04:46:01.876000,0.0,1.0,2026-09-03 04:46:03.411,2026-09-03 04:45:00,2026-09-03 04:50:59,CTM/1,6,"MRO, AUSTRIA-MICHELBACH, INDIA-UDAIPUR, INDIA-GAURI, SRI-Lanka, Australia-ASSA",1472445856,OA004,240
18338,1.0,2026-09-03 05:01:01.448000,0.0,1.0,2026-09-03 05:01:01.407000,0.0,1.0,2026-09-03 05:01:01.448,2026-09-03 05:01:00,2026-09-03 05:01:59,III/1,4,"MRO, INDIA-UDAIPUR, INDIA-GAURI, Australia-ASSA",1472446816,OA004,240
15250,1.0,2025-09-30 05:30:10.581000,0.0,2.0,2025-09-30 05:31:21.011000,0.0,1.0,2025-09-30 05:30:10.581,2025-09-30 05:30:00,2025-09-30 05:36:59,---,9,"AUSTRIA-UNIGRAZ, MRO, INDIA-UDAIPUR, INDIA-OOTY, INDIA-GAURI, SSRT, MONGOLIA-UB, INDONESIA, FINLAND-RUISSALO",1443245416,G0002,120
16850,1.0,2026-03-26 01:29:13.530000,0.0,1.0,2026-03-26 01:29:11.990000,0.0,1.0,2026-03-26 01:29:13.530,2026-03-26 01:29:00,2026-03-26 01:29:59,III/2,4,"Australia-ASSA, NZ-WAIRAKEI-DLR, ALASKA-COHOE, ALASKA-HAARP",1458523768,G0060,16
18284,1.0,2026-08-20 06:16:03.581000,0.0,1.0,2026-08-20 06:16:01.541000,0.0,1.0,2026-08-20 06:16:03.581,2026-08-20 06:16:00,2026-08-20 06:16:59,III/1,6,"GERMANY-DLR, POLAND-BALDY, MRO, INDIA-UDAIPUR, INDIA-GAURI, Australia-ASSA",1471241776,OA004,240
15752,1.0,2025-11-10 06:14:54.289000,0.0,1.0,2025-11-10 06:14:54.198000,0.0,1.0,2025-11-10 06:14:54.289,2025-11-10 06:14:00,2025-11-10 06:14:59,---,3,"INDIA-OOTY, SSRT, Australia-ASSA",1446790512,G0060,16
18203,1.0,2026-07-28 04:31:00.335000,0.0,2.0,2026-07-28 04:31:30.302000,0.0,1.0,2026-07-28 04:31:00.335,2026-07-28 04:31:00,2026-07-28 04:31:59,III/2,5,"MRO, INDIA-OOTY, INDIA-GAURI, INDONESIA, Australia-ASSA",1469248216,G0002,120
18204,1.0,2026-07-28 05:00:20.903000,0.0,1.0,2026-07-28 05:00:05.362000,0.0,1.0,2026-07-28 05:00:20.903,2026-07-28 05:00:00,2026-07-28 05:00:59,CTM/1,5,"MRO, INDIA-UDAIPUR, INDIA-GAURI, SRI-Lanka, Australia-ASSA",1469250016,G0002,120
15972,1.0,2025-12-05 04:31:00.218000,0.0,1.0,2025-12-05 04:31:02.566000,0.0,1.0,2025-12-05 04:31:00.218,2025-12-05 04:31:00,2025-12-05 04:39:59,---,8,"INDIA-OOTY, INDIA-GAURI, SSRT, MONGOLIA-UB, TAIWAN-NCU, INDONESIA, Australia-ASSA, NZ-WAIRAKEI-DLR",1448944216,G0002,120
15952,1.0,2025-12-04 05:19:45.370000,0.0,1.0,2025-12-04 05:19:45.204000,0.0,1.0,2025-12-04 05:19:45.370,2025-12-04 05:19:00,2025-12-04 05:20:59,---,11,"EGYPT-Alexandria, INDIA-UDAIPUR, ALMATY, INDIA-OOTY, INDIA-GAURI, SSRT, TAIWAN-NCU, INDONESIA, Australia-ASSA, NZ-WAIRAKEI-DLR, UZBEKISTAN",1448860800,G0060,16
15951,1.0,2025-12-04 04:36:06.755000,0.0,1.25,2025-12-04 04:36:54.097000,0.0,1.0,2025-12-04 04:36:06.755,2025-12-04 04:36:00,2025-12-04 04:36:59,---,3,"INDIA-OOTY, INDIA-GAURI, Australia-ASSA",1448858144,G0002,120
15950,1.0,2025-12-04 04:30:07.255000,0.0,1.0,2025-12-04 04:30:19.597000,0.0,1.0,2025-12-04 04:30:07.255,2025-12-04 04:29:00,2025-12-04 04:30:59,---,6,"INDIA-OOTY, INDIA-GAURI, SSRT, TAIWAN-NCU, Australia-ASSA, NZ-WAIRAKEI-DLR",1448857816,G0002,80
15949,1.0,2025-12-04 04:00:07.180000,0.0,1.0,2025-12-04 04:00:13.526000,0.0,1.0,2025-12-04 04:00:07.180,2025-12-04 04:00:00,2025-12-04 04:00:59,---,3,"INDIA-GAURI, Australia-ASSA, NZ-WAIRAKEI-DLR",1448856016,G0002,120
15937,1.0,2025-12-03 05:49:44.885000,0.0,1.0,2025-12-03 05:49:42.230000,0.0,1.0,2025-12-03 05:49:44.885,2025-12-03 05:49:00,2025-12-03 05:50:59,---,5,"INDIA-OOTY, INDIA-GAURI, SSRT, Australia-ASSA, SRI-Lanka",1448776200,G0060,16
15936,1.0,2025-12-03 05:31:01.846000,0.0,2.0,2025-12-03 05:31:49.193000,0.0,1.0,2025-12-03 05:31:01.846,2025-12-03 05:31:00,2025-12-03 05:31:59,---,5,"INDIA-GAURI, SSRT, TAIWAN-NCU, Australia-ASSA, UZBEKISTAN",1448775016,G0002,120
15934,1.0,2025-12-03 04:31:00.697000,0.0,1.0,2025-12-03 04:31:06.053000,0.0,1.0,2025-12-03 04:31:00.697,2025-12-03 04:31:00,2025-12-03 04:31:59,---,4,"INDIA-OOTY, INDIA-GAURI, Australia-ASSA, NZ-WAIRAKEI-DLR",1448771416,G0002,120
15885,2.0,2025-11-29 06:30:46.427000,0.0,1.0,2025-11-29 06:30:08.767000,0.0,1.0,2025-11-29 06:30:46.427,2025-11-29 06:30:00,2025-11-29 06:31:59,---,6,"ITALY-Strassolt, INDIA-GAURI, SSRT, INDONESIA, Australia-ASSA, NZ-WAIRAKEI-DLR",1448433016,G0002,120
15867,1.0,2025-11-28 06:30:05.424000,0.0,1.0,2025-11-28 06:30:05.265000,0.0,1.0,2025-11-28 06:30:05.424,2025-11-28 06:30:00,2025-11-28 06:30:59,---,3,"ITALY-Strassolt, Australia-ASSA, NZ-WAIRAKEI-DLR",1448346616,G0002,120
15865,1.0,2025-11-28 05:31:06.293000,0.0,1.0,2025-11-28 05:31:06.644000,0.0,1.0,2025-11-28 05:31:06.293,2025-11-28 05:31:00,2025-11-28 05:31:59,---,4,"INDIA-OOTY, SSRT, Australia-ASSA, NZ-WAIRAKEI-DLR",1448343024,G0002,112
15860,1.0,2025-11-27 06:01:00.380000,0.0,1.0,2025-11-27 06:01:01.724000,0.0,1.0,2025-11-27 06:01:00.380,2025-11-27 06:01:00,2025-11-27 06:01:59,---,4,"INDIA-OOTY, TAIWAN-NCU, Australia-ASSA, NZ-WAIRAKEI-DLR",1448258416,G0002,120
18222,1.0,2026-07-29 04:01:03.283000,0.0,1.0,2026-07-29 04:01:37.755000,0.0,1.0,2026-07-29 04:01:03.283,2026-07-29 04:01:00,2026-07-29 04:14:59,IIIG/2,11,"POLAND-BALDY, MRO, INDIA-UDAIPUR, INDIA-OOTY, INDIA-GAURI, SRI-Lanka, TAIWAN-NCU, Australia-ASSA, NZ-WAIRAKEI-DLR, ALASKA-COHOE, ALASKA-HAARP",1469332816,G0002,120
18266,2.0,2026-08-16 02:51:44.122000,0.0,1.0,2026-08-16 02:51:43.102000,0.37065,1.0,2026-08-16 02:51:44.122,2026-08-16 02:51:00,2026-08-16 02:52:59,III/1,7,"INDIA-UDAIPUR,Â INDIA-GAURI,Â TAIWAN-NCU,Â Australia-ASSA,Â NZ-WAIRAKEI-DLR,Â ALASKA-COHOE,Â ALASKA-HAARP",1470883696,OA004,240
18267,1.0,2026-08-16 03:16:02.186000,0.0,1.0,2026-08-16 03:16:02.670000,0.0,1.0,2026-08-16 03:16:02.186,2026-08-16 03:16:00,2026-08-16 03:16:59,III/1,4,"MRO,Â INDIA-UDAIPUR,Â INDIA-GAURI,Â Australia-ASSA",1470885376,OA004,240
15140,1.0,2025-09-20 02:19:50.129000,0.0,1.0,2025-09-20 02:19:50.066000,0.37065,1.0,2025-09-20 02:19:50.129,2025-09-20 02:19:00,2025-09-20 02:19:59,---,4,"ALASKA-COHOE, ALASKA-HAARP, TAIWAN-NCU, Australia-ASSA",1442370000,G0060,16
18283,1.0,2026-08-20 06:05:00.055000,0.0,1.0,2026-08-20 06:05:35.510000,0.0,1.0,2026-08-20 06:05:00.055,2026-08-20 06:05:00,2026-08-20 06:05:59,III/2,7,"HUMAIN, GERMANY-DLR, POLAND-BALDY, INDIA-UDAIPUR, INDIA-OOTY, INDIA-GAURI, Australia-ASSA",1471241056,OA004,240
15141,1.0,2025-09-20 05:06:00.485000,0.0,1.0,2025-09-20 05:06:09.906000,0.0,1.0,2025-09-20 05:06:00.485,2025-09-20 05:06:00,2025-09-20 05:08:59,---,8,"AUSTRIA-UNIGRAZ, MRO, INDIA-OOTY, SSRT, TAIWAN-NCU, INDONESIA, Australia-ASSA, UZBEKISTAN",1442379856,OA004,240
15122,1.0,2025-09-16 05:48:15.034000,0.0,1.0,2025-09-16 05:48:04.982000,0.0,1.0,2025-09-16 05:48:15.034,2025-09-16 05:48:00,2025-09-16 05:48:59,---,4,"HUMAIN, INDIA-OOTY, Australia-ASSA, UZBEKISTAN",1442036896,OA004,240
15126,1.0,2025-09-17 06:36:00.140000,0.0,1.0,2025-09-17 06:36:07.090000,0.0,1.0,2025-09-17 06:36:00.140,2025-09-17 06:36:00,2025-09-17 06:38:59,---,5,"HUMAIN, NORWAY-EGERSUND, INDIA-OOTY, INDIA-GAURI, Australia-ASSA",1442126176,G0060,16
12800,2.0,2025-03-09 05:54:36.787000,0.0,1.0,2025-03-09 05:53:47.222000,0.0,1.0,2025-03-09 05:54:36.787,2025-03-09 05:50:00,2025-03-09 05:54:59,---,16,"INDIA-OOTY, SRI-Lanka, INDIA-UDAIPUR, TAIWAN-NCU, SSRT, USA-BOSTON, EGYPT-Alexandria, INDIA-GAURI, ALMATY, MRO, Australia-ASSA, Finland-Kempele, MONGOLIA-UB, Malaysia-Banting, GERMANY-DLR, AUSTRIA-UNIGRAZ",1425534840,G0002,120
14600,1.0,2025-07-29 05:00:08.854000,0.0,1.0,2025-07-29 05:00:09.315000,0.0,1.0,2025-07-29 05:00:08.854,2025-07-29 04:52:00,2025-07-29 05:00:59,---,21,"ALASKA-COHOE, ALASKA-ANCHORAGE, ALASKA-HAARP, HUMAIN, NORWAY-EGERSUND, GERMANY-ESSEN, SWISS-CalU, SWISS-IRSOL, SWISS-HEITERSWIL, SWISS-Landschlacht, GERMANY-DLR, ITALY-Strassolt, AUSTRIA-UNIGRAZ, MRO, EGYPT-Alexandria, INDIA-OOTY, SSRT, TAIWAN-NCU, Australia-ASSA, SRI-Lanka, POLAND-BALDY",1437800416,G0002,120
14597,1.0,2025-07-29 03:30:05.165000,0.0,1.0,2025-07-29 03:30:05.130000,0.0,1.0,2025-07-29 03:30:05.165,2025-07-29 03:28:00,2025-07-29 03:31:59,---,7,"ALASKA-COHOE, ALASKA-ANCHORAGE, ALASKA-HAARP, FINLAND-Siuntio, SSRT, MONGOLIA-UB, Australia-ASSA",1437795016,G0002,120
14543,1.0,2025-07-28 04:51:01.837000,0.0,1.0,2025-07-28 04:51:01.300000,0.0,1.0,2025-07-28 04:51:01.837,2025-07-28 04:51:00,2025-07-28 04:52:59,---,12,"ALASKA-COHOE, ALASKA-HAARP, HUMAIN, SWISS-CalU, SWISS-HEITERSWIL, GERMANY-DLR, MRO, SSRT, TAIWAN-NCU, Australia-ASSA, POLAND-BALDY, SRI-Lanka",1437713416,OA004,240
14542,1.0,2025-07-28 04:42:05.800000,0.0,1.0,2025-07-28 04:42:05.769000,0.0,1.0,2025-07-28 04:42:05.800,2025-07-28 04:42:00,2025-07-28 04:42:59,---,3,"ALASKA-HAARP, GERMANY-DLR, Australia-ASSA",1437712936,OA004,240
14540,1.0,2025-07-28 03:48:00.207000,0.0,1.0,2025-07-28 03:48:00.677000,0.0,1.0,2025-07-28 03:48:00.207,2025-07-28 03:48:00,2025-07-28 03:49:59,---,6,"ALASKA-COHOE, ALASKA-HAARP, INDIA-OOTY, SSRT, TAIWAN-NCU, Australia-ASSA",1437709576,OA004,240
12975,1.0,2025-03-27 06:45:10.327000,0.0,1.0,2025-03-27 06:45:05.269000,0.0,1.0,2025-03-27 06:45:10.327,2025-03-27 06:45:00,2025-03-27 06:48:59,---,19,"TRIEST, EGYPT-Alexandria, INDIA-OOTY, SWISS-CalU, SSRT, NORWAY-EGERSUND, Australia-ASSA, SRI-Lanka, TAIWAN-NCU, GERMANY-DLR, MRO, Finland-Kempele, GLASGOW, SWISS-Landschlacht, INDIA-GAURI, HUMAIN, GERMANY-ESSEN, SWISS-HEITERSWIL, SWISS-IRSOL",1427093032,G0002,120
12963,1.0,2025-03-26 07:13:24.387000,0.0,1.0,2025-03-26 07:13:22.821000,0.0,1.0,2025-03-26 07:13:24.387,2025-03-26 07:13:00,2025-03-26 07:13:59,---,3,"Finland-Kempele, MRO, SRI-Lanka",1427008416,G0060,16
12931,1.0,2025-03-23 05:02:01.584000,0.0,1.0,2025-03-23 05:02:08.535000,0.0,1.0,2025-03-23 05:02:01.584,2025-03-23 05:02:00,2025-03-23 05:02:59,---,3,"Australia-ASSA, Finland-Kempele, USA-BOSTON",1426741216,G0002,176
12866,1.0,2025-03-14 05:00:20.173000,0.0,1.0,2025-03-14 05:00:20.623000,0.0,1.0,2025-03-14 05:00:20.173,2025-03-14 05:00:00,2025-03-14 05:00:59,---,7,"Australia-ASSA, INDIA-GAURI, INDIA-OOTY, MONGOLIA-UB, SRI-Lanka, SSRT, TAIWAN-NCU",1425963616,G0002,176
12850,1.0,2025-03-12 05:32:05.235000,0.0,1.0,2025-03-12 05:32:26.669000,0.0,1.0,2025-03-12 05:32:05.235,2025-03-12 05:32:00,2025-03-12 05:32:59,---,3,"INDIA-OOTY, MRO, USA-BOSTON",1425792616,G0002,176
12797,1.0,2025-03-09 02:30:07.291000,1.11195,1.0,2025-03-09 02:30:07.253000,0.0,1.0,2025-03-09 02:30:07.291,2025-03-09 02:30:00,2025-03-09 02:30:59,---,4,"Australia-ASSA, INDIA-GAURI, MONGOLIA-UB, SSRT",1425522616,G0002,176
18380,1.0,2026-09-06 03:36:01.722000,0.0,1.0,2026-09-06 03:36:00.256000,0.0,1.0,2026-09-06 03:36:01.722,2026-09-06 03:36:00,2026-09-06 03:37:59,IIIG/2,5,"INDIA-UDAIPUR, INDIA-OOTY, INDIA-GAURI, Australia-ASSA, NZ-WAIRAKEI-DLR",1472700976,OA004,240
12727,1.0,2025-03-07 08:07:42.112000,0.0,1.0,2025-03-07 08:07:42.042000,0.0,1.0,2025-03-07 08:07:42.112,2025-03-07 08:06:00,2025-03-07 08:08:59,---,19,"ROMANIA, TAIWAN-NCU, SWISS-Landschlacht, GLASGOW, HURBANOVO, SSRT, SWISS-IRSOL, MRO, TRIEST, HUMAIN, SRI-Lanka, Australia-ASSA, SWISS-CalU, Malaysia-Banting, INDIA-OOTY, EGYPT-Alexandria, AUSTRIA-UNIGRAZ, GERMANY-DLR, MRT1",1425370080,G0002,120
18383,1.0,2026-09-06 05:44:01.993000,0.0,1.0,2026-09-06 05:44:05.510000,0.0,1.0,2026-09-06 05:44:01.993,2026-09-06 05:44:00,2026-09-06 05:45:59,IIIG/1,5,"POLAND-Grotniki, INDIA-UDAIPUR, INDIA-OOTY, INDIA-GAURI, Australia-ASSA",1472708656,OA004,240
12682,1.0,2025-03-04 08:11:26.098000,0.0,1.0,2025-03-04 08:11:37.030000,0.0,1.0,2025-03-04 08:11:26.098,2025-03-04 08:11:00,2025-03-04 08:11:59,---,3,"EGYPT-SpaceAgency, MRO, SWISS-CalU",1425111104,G0002,120
12652,1.0,2025-03-02 07:51:42.534000,0.0,1.0,2025-03-02 07:51:42.458000,0.0,1.0,2025-03-02 07:51:42.534,2025-03-02 07:47:00,2025-03-02 07:51:59,---,19,"EGYPT-Alexandria, SSRT, INDIA-OOTY, TAIWAN-NCU, SRI-Lanka, SWISS-CalU, UZBEKISTAN, GERMANY-DLR, MRO, Australia-ASSA, SWISS-IRSOL, HUMAIN, MONGOLIA-UB, SWISS-Landschlacht, GERMANY-ESSEN, INDIA-GAURI, ALMATY, TRIEST, AUSTRIA-UNIGRAZ",1424937120,G0002,120
18384,1.0,2026-09-06 05:51:11.528000,0.0,1.0,2026-09-06 05:51:02.042000,0.0,1.0,2026-09-06 05:51:11.528,2026-09-06 05:51:00,2026-09-06 05:51:59,III/2,8,"GERMANY-ESSEN, GERMANY-DLR, POLAND-BALDY, MRO, INDIA-UDAIPUR, INDIA-OOTY, INDIA-GAURI, Australia-ASSA",1472708896,OA004,240
18385,1.0,2026-09-06 06:47:01.664000,0.0,1.0,2026-09-06 06:48:22.672000,0.0,1.0,2026-09-06 06:47:01.664,2026-09-06 06:47:00,2026-09-06 06:56:59,IIIGG/2,13,"GLASGOW, HUMAIN, GERMANY-ESSEN, SWISS-MUHEN, SWISS-HEITERSWIL, GERMANY-DLR, POLAND-BALDY, MRO, INDIA-UDAIPUR, INDIA-OOTY, INDIA-GAURI, TAIWAN-NCU, Australia-ASSA",1472712256,OA004,240
12615,1.0,2025-02-28 06:30:06.911000,0.0,1.0,2025-02-28 06:30:26.837000,0.0,1.0,2025-02-28 06:30:06.911,2025-02-28 06:30:00,2025-02-28 06:30:59,---,3,"Australia-ASSA, INDIA-GAURI, INDIA-OOTY",1424759416,G0002,176
12602,1.0,2025-02-27 05:00:05.665000,0.0,1.0,2025-02-27 05:00:05.617000,0.0,1.0,2025-02-27 05:00:05.665,2025-02-27 05:00:00,2025-02-27 05:04:59,---,4,"Australia-ASSA, INDIA-OOTY, INDIA-GAURI, TAIWAN-NCU",1424667616,G0002,176
12599,1.0,2025-02-27 03:02:00.869000,0.0,1.0,2025-02-27 03:02:00.329000,0.0,1.0,2025-02-27 03:02:00.869,2025-02-27 03:02:00,2025-02-27 03:03:59,---,4,"Australia-ASSA, SSRT, TAIWAN-NCU, MONGOLIA-UB",1424660416,G0002,176
12552,1.0,2025-02-24 07:31:42.009000,0.0,1.0,2025-02-24 07:31:42.440000,0.0,1.0,2025-02-24 07:31:42.009,2025-02-24 07:31:00,2025-02-24 07:31:59,---,3,"INDIA-OOTY, MRO, TAIWAN-NCU",1424417520,G0002,120
18381,1.0,2026-09-06 03:52:02.255000,0.0,1.0,2026-09-06 03:52:00.288000,0.0,1.0,2026-09-06 03:52:02.255,2026-09-06 03:52:00,2026-09-06 03:52:59,III/1,3,"INDIA-UDAIPUR, INDIA-GAURI, Australia-ASSA",1472701936,OA004,240
14622,1.0,2025-07-30 06:07:00.496000,0.0,1.0,2025-07-30 06:07:00.450000,0.0,1.0,2025-07-30 06:07:00.496,2025-07-30 06:07:00,2025-07-30 06:07:59,---,6,"SWISS-HEITERSWIL, SWISS-Landschlacht, GERMANY-DLR, MRO, INDIA-OOTY, Australia-ASSA",1437890824,G0060,16
15125,1.0,2025-09-17 03:53:00.268000,0.0,1.0,2025-09-17 03:53:02.236000,0.0,1.0,2025-09-17 03:53:00.268,2025-09-17 03:53:00,2025-09-17 03:53:59,---,3,"INDIA-GAURI, SSRT, Australia-ASSA",1442116336,OA004,240
14953,1.0,2025-09-03 04:00:05.299000,0.0,1.0,2025-09-03 04:00:07.764000,0.185325,1.0,2025-09-03 04:00:05.299,2025-09-03 03:59:00,2025-09-03 04:00:59,---,6,"GERMANY-DLR, INDIA-OOTY, INDIA-GAURI, SSRT, TAIWAN-NCU, Australia-ASSA",1440907216,G0002,120
18200,1.0,2026-07-28 02:30:05.076000,0.0,1.0,2026-07-28 02:30:05.058000,0.0,1.0,2026-07-28 02:30:05.076,2026-07-28 02:26:00,2026-07-28 02:31:59,III/1,7,"MRO, INDIA-GAURI, INDONESIA, Australia-ASSA, NZ-WAIRAKEI-DLR, ALASKA-COHOE, ALASKA-HAARP",1469241016,G0002,120
15117,1.0,2025-09-15 06:43:08.200000,0.0,1.0,2025-09-15 06:43:00.135000,0.0,1.0,2025-09-15 06:43:08.200,2025-09-15 06:43:00,2025-09-15 06:44:59,---,5,"HUMAIN, GERMANY-DLR, INDIA-OOTY, INDIA-GAURI, Australia-ASSA",1441953616,OA004,240
15116,1.0,2025-09-15 05:54:00.097000,0.0,1.0,2025-09-15 05:54:00.034000,0.0,1.0,2025-09-15 05:54:00.097,2025-09-15 05:54:00,2025-09-15 05:54:59,---,4,"INDIA-OOTY, INDIA-GAURI, SSRT, Australia-ASSA",1441950760,OA004,216
15115,2.0,2025-09-15 02:37:22.132000,0.0,1.0,2025-09-15 02:37:01.601000,0.0,1.0,2025-09-15 02:37:22.132,2025-09-15 02:37:00,2025-09-15 02:37:59,---,5,"ALASKA-COHOE, ALASKA-HAARP, INDIA-GAURI, SSRT, Australia-ASSA",1441938976,OA004,240
15103,1.0,2025-09-11 06:13:36.069000,0.0,1.0,2025-09-11 06:13:26.021000,0.0,1.0,2025-09-11 06:13:36.069,2025-09-11 06:10:00,2025-09-11 06:18:59,---,9,"HUMAIN, SWISS-IRSOL, AUSTRIA-UNIGRAZ, MRO, INDIA-OOTY, INDIA-GAURI, SSRT, TAIWAN-NCU, Australia-ASSA",1441606424,G0060,16
15014,3.0,2025-09-05 01:10:06.387000,1.11195,1.0,2025-09-05 01:10:06.373000,0.0,1.0,2025-09-05 01:10:06.387,2025-09-05 01:08:00,2025-09-05 01:17:59,---,9,"ALASKA-COHOE, ALASKA-ANCHORAGE, ALASKA-HAARP, SSRT, TAIWAN-NCU, INDONESIA, Australia-ASSA, MEXICO-ENSENADA-UNAM, SRI-Lanka",1441069824,G0060,16
14976,1.0,2025-09-04 05:30:34.505000,0.37065,1.0,2025-09-04 05:30:18.954000,0.0,1.0,2025-09-04 05:30:34.505,2025-09-04 05:24:00,2025-09-04 05:40:59,---,23,"HUMAIN, GERMANY-ESSEN, SWISS-CalU, SWISS-IRSOL, SWISS-HEITERSWIL, GERMANY-DLR, AUSTRIA-UNIGRAZ, MRO, AUSTRIA-MICHELBACH, EGYPT-Alexandria, MRT1, INDIA-UDAIPUR, ALMATY, INDIA-OOTY, INDIA-GAURI, SSRT, TAIWAN-NCU, INDONESIA, Australia-ASSA, SRI-Lanka, UZBEKISTAN, FINLAND-RUISSALO, POLAND-BALDY",1440999016,G0002,120
14973,1.0,2025-09-04 04:30:28.371000,0.0,2.0,2025-09-04 04:31:15.824000,0.0,1.0,2025-09-04 04:30:28.371,2025-09-04 04:19:00,2025-09-04 04:31:59,---,12,"ALASKA-COHOE, ALASKA-HAARP, MRO, INDIA-UDAIPUR, ALMATY, INDIA-OOTY, INDIA-GAURI, SSRT, TAIWAN-NCU, INDONESIA, Australia-ASSA, SRI-Lanka",1440995416,G0002,120
18356,1.0,2026-09-05 06:05:01.065000,0.0,1.0,2026-09-05 06:05:08.023000,0.0,1.0,2026-09-05 06:05:01.065,2026-09-05 06:05:00,2026-09-05 06:05:59,III/1,3,"INDIA-UDAIPUR, INDIA-GAURI, Australia-ASSA",1472623456,OA004,240
18357,1.0,2026-09-05 06:11:00.065000,0.0,1.0,2026-09-05 06:11:00.023000,0.0,1.0,2026-09-05 06:11:00.065,2026-09-05 06:11:00,2026-09-05 06:11:59,III/1,4,"INDIA-UDAIPUR, INDIA-OOTY, INDIA-GAURI, Australia-ASSA",1472623696,OA004,240
14946,1.0,2025-09-01 03:00:41.664000,0.0,1.0,2025-09-01 03:00:41.633000,0.0,1.0,2025-09-01 03:00:41.664,2025-09-01 03:00:00,2025-09-01 03:00:59,---,6,"ALASKA-COHOE, ALASKA-HAARP, INDIA-OOTY, INDIA-GAURI, TAIWAN-NCU, UZBEKISTAN",1440730848,G0002,88
18379,1.0,2026-09-06 03:14:00.157000,0.0,1.0,2026-09-06 03:14:00.193000,0.0,1.0,2026-09-06 03:14:00.157,2026-09-06 03:14:00,2026-09-06 03:18:59,III/2,7,"INDIA-UDAIPUR, INDIA-OOTY, INDIA-GAURI, Australia-ASSA, NZ-WAIRAKEI-DLR, ALASKA-COHOE, ALASKA-HAARP",1472699536,OA004,240
18358,1.0,2026-09-05 06:17:01.596000,0.0,1.0,2026-09-05 06:17:10.555000,0.0,1.0,2026-09-05 06:17:01.596,2026-09-05 06:17:00,2026-09-05 06:17:59,III/1,3,"HUMAIN, INDIA-OOTY, INDIA-GAURI",1472624176,OA004,240
14877,1.0,2025-08-26 01:20:46.441000,0.0,1.0,2025-08-26 01:20:47.929000,0.0,1.0,2025-08-26 01:20:46.441,2025-08-26 01:20:00,2025-08-26 01:27:59,---,7,"ALASKA-COHOE, ALASKA-HAARP, SSRT, TAIWAN-NCU, INDONESIA, Australia-ASSA, SRI-Lanka",1440206464,G0060,16
14860,1.0,2025-08-24 03:29:01.195000,0.0,2.0,2025-08-24 03:29:48.662000,0.0,1.0,2025-08-24 03:29:01.195,2025-08-24 03:29:00,2025-08-24 03:30:59,---,3,"ALASKA-COHOE, SSRT, Australia-ASSA",1440041176,OA004,240
14766,1.0,2025-08-10 06:33:08.098000,0.0,1.0,2025-08-10 06:33:24.045000,0.0,1.0,2025-08-10 06:33:08.098,2025-08-10 06:33:00,2025-08-10 06:33:59,---,6,"HUMAIN, GERMANY-ESSEN, SWISS-HEITERSWIL, SWISS-Landschlacht, GERMANY-DLR, Australia-ASSA",1438842616,OA004,240
18377,1.0,2026-09-06 02:37:00.088000,0.0,1.0,2026-09-06 02:37:00.130000,0.0,1.0,2026-09-06 02:37:00.088,2026-09-06 02:37:00,2026-09-06 02:38:59,III/2,11,"INDIA-UDAIPUR, INDIA-OOTY, INDIA-GAURI, SRI-Lanka, SSRT, MONGOLIA-UB, TAIWAN-NCU, Australia-ASSA, NZ-WAIRAKEI-DLR, ALASKA-COHOE, ALASKA-HAARP",1472697376,OA004,240
18378,1.0,2026-09-06 02:49:00.123000,0.37065,1.0,2026-09-06 02:49:07.161000,0.0,1.0,2026-09-06 02:49:00.123,2026-09-06 02:49:00,2026-09-06 02:49:59,III/1,3,"INDIA-GAURI, Australia-ASSA, NZ-WAIRAKEI-DLR",1472698096,OA004,240
14765,1.0,2025-08-10 06:18:00.564000,0.0,1.0,2025-08-10 06:18:00.514000,0.0,1.0,2025-08-10 06:18:00.564,2025-08-10 06:18:00,2025-08-10 06:20:59,---,19,"BIR, GLASGOW, HUMAIN, GERMANY-ESSEN, SWISS-CalU, SWISS-IRSOL, SWISS-HEITERSWIL, SWISS-Landschlacht, GERMANY-DLR, AUSTRIA-OE3FLB, MRO, EGYPT-Alexandria, INDIA-OOTY, MONGOLIA-UB, TAIWAN-NCU, INDONESIA, Australia-ASSA, POLAND-BALDY, SRI-Lanka",1438841896,OA004,240
14764,1.0,2025-08-10 04:43:00.831000,0.0,1.0,2025-08-10 04:43:00.289000,0.0,1.0,2025-08-10 04:43:00.831,2025-08-10 04:43:00,2025-08-10 04:43:59,---,3,"HUMAIN, INDIA-OOTY, Australia-ASSA",1438836136,OA004,240
14683,1.0,2025-08-04 06:30:05.071000,0.0,1.0,2025-08-04 06:30:05.520000,0.0,1.0,2025-08-04 06:30:05.071,2025-08-04 06:29:00,2025-08-04 06:32:59,---,18,"BIR, GLASGOW, HUMAIN, NORWAY-EGERSUND, GERMANY-ESSEN, SWISS-CalU, SWISS-IRSOL, SWISS-HEITERSWIL, SWISS-Landschlacht, GERMANY-DLR, AUSTRIA-UNIGRAZ, FINLAND-Siuntio, MRO, INDIA-OOTY, SSRT, TAIWAN-NCU, Australia-ASSA, POLAND-BALDY",1438324216,G0002,120
14636,1.0,2025-07-31 04:47:42.345000,0.0,1.0,2025-07-31 04:47:54.302000,0.0,1.0,2025-07-31 04:47:42.345,2025-07-31 04:46:00,2025-07-31 04:47:59,---,3,"INDIA-OOTY, SSRT, Australia-ASSA",1437972480,G0060,16
15973,1.0,2025-12-05 05:01:00.295000,0.0,1.0,2025-12-05 05:01:09.138000,0.0,1.0,2025-12-05 05:01:00.295,2025-12-05 05:01:00,2025-12-05 05:01:59,---,7,"INDIA-OOTY, INDIA-GAURI, SSRT, TAIWAN-NCU, INDONESIA, Australia-ASSA, NZ-WAIRAKEI-DLR",1448946016,G0002,120
15974,1.0,2025-12-05 06:00:15.947000,0.0,1.0,2025-12-05 06:00:16.283000,0.0,1.0,2025-12-05 06:00:15.947,2025-12-05 06:00:00,2025-12-05 06:00:59,---,4,"INDIA-OOTY, INDIA-GAURI, SSRT, Australia-ASSA",1448949616,G0002,120
18183,1.0,2026-07-25 04:31:00.833000,0.0,1.0,2026-07-25 04:31:01.305000,0.0,1.0,2026-07-25 04:31:00.833,2026-07-25 04:31:00,2026-07-25 04:31:59,CTM/2,4,"MRO, INDIA-UDAIPUR, INDIA-GAURI, SRI-Lanka",1468989016,G0002,120
16384,1.0,2026-01-24 01:57:42.282000,0.0,1.0,2026-01-24 01:57:42.244000,0.0,1.0,2026-01-24 01:57:42.282,2026-01-24 01:57:00,2026-01-24 01:57:59,III/1,2,"Australia-ASSA, NZ-WAIRAKEI-DLR",1453255080,G0002,120
16486,2.0,2026-02-04 04:31:42.174000,1.4826,1.0,2026-02-04 04:30:05.113000,0.0,1.0,2026-02-04 04:31:42.174,2026-02-04 04:21:00,2026-02-04 05:17:59,III/2,10,"INDIA-UDAIPUR, ALMATY, INDIA-OOTY, INDIA-GAURI, SRI-Lanka, MONGOLIA-UB, TAIWAN-NCU, INDONESIA, Australia-ASSA, NZ-WAIRAKEI-DLR",1454214616,G0002,120
16485,1.0,2026-02-04 03:44:14.020000,0.0,1.0,2026-02-04 03:44:14.469000,0.37065,1.0,2026-02-04 03:44:14.020,2026-02-04 03:36:00,2026-02-04 04:15:59,IIIGG/1,8,"INDIA-UDAIPUR, INDIA-OOTY, INDIA-GAURI, SRI-Lanka, TAIWAN-NCU, INDONESIA, Australia-ASSA, NZ-WAIRAKEI-DLR",1454211872,G0060,16
16484,2.0,2026-02-04 02:41:44.369000,1.4826,1.0,2026-02-04 02:41:34.327000,0.0,1.0,2026-02-04 02:41:44.369,2026-02-04 02:35:00,2026-02-04 03:30:59,IIIGG/1,9,"INDIA-UDAIPUR, INDIA-OOTY, INDIA-GAURI, SRI-Lanka, MONGOLIA-UB, TAIWAN-NCU, INDONESIA, Australia-ASSA, NZ-WAIRAKEI-DLR",1454208112,G0060,16
16483,1.0,2026-02-04 02:41:34.369000,0.0,1.0,2026-02-04 02:41:34.327000,0.37065,1.0,2026-02-04 02:41:34.369,2026-02-04 02:35:00,2026-02-04 02:59:59,IIIG/1,3,"INDIA-GAURI, Australia-ASSA, NZ-WAIRAKEI-DLR",1454208112,G0060,16
16482,1.0,2026-02-04 02:11:58.794000,0.0,1.0,2026-02-04 02:12:11.757000,0.0,1.0,2026-02-04 02:11:58.794,2026-02-04 02:11:00,2026-02-04 02:29:59,IIIG/1,3,"INDIA-GAURI, Australia-ASSA, NZ-WAIRAKEI-DLR",1454206336,G0060,16
16456,1.0,2026-02-03 04:46:38.187000,0.0,1.0,2026-02-03 04:46:39.623000,0.0,1.0,2026-02-03 04:46:38.187,2026-02-03 04:45:00,2026-02-03 04:51:59,III/3,9,"INDIA-UDAIPUR, INDIA-OOTY, INDIA-GAURI, SRI-Lanka, MONGOLIA-UB, TAIWAN-NCU, INDONESIA, Australia-ASSA, NZ-WAIRAKEI-DLR",1454129216,G0060,16
16446,1.0,2026-02-03 01:43:23.205000,0.9266249999999999,1.0,2026-02-03 01:43:20.667000,0.0,1.0,2026-02-03 01:43:23.205,2026-02-03 01:43:00,2026-02-03 01:43:59,CTM/1,2,"Australia-ASSA, NZ-WAIRAKEI-DLR",1454118216,G0060,16
16417,1.0,2026-01-30 02:01:00.316000,0.0,1.0,2026-01-30 02:01:02.770000,0.0,1.0,2026-01-30 02:01:00.316,2026-01-30 02:01:00,2026-01-30 02:01:59,III/1,3,"INDONESIA, Australia-ASSA, NZ-WAIRAKEI-DLR",1453773616,G0002,120
16401,1.0,2026-01-27 05:48:38.433000,0.0,1.0,2026-01-27 05:48:45.853000,0.0,1.0,2026-01-27 05:48:38.433,2026-01-27 05:48:00,2026-01-27 05:48:59,III/2,5,"INDIA-OOTY, INDIA-GAURI, SSRT, Australia-ASSA, NZ-WAIRAKEI-DLR",1453528136,G0060,16
16389,1.0,2026-01-24 06:02:00.942000,0.0,1.0,2026-01-24 06:02:06.371000,0.0,1.0,2026-01-24 06:02:00.942,2026-01-24 06:02:00,2026-01-24 06:02:59,III/1,3,"INDIA-OOTY, INDIA-GAURI, Australia-ASSA",1453269728,G0002,120
17465,1.0,2026-06-11 04:40:00.348000,0.0,2.0,2026-06-11 04:41:54.821000,0.0,1.0,2026-06-11 04:40:00.348,2026-06-11 04:40:00,2026-06-11 04:46:59,CTM/2,7,"HUMAIN, MRO, INDIA-UDAIPUR, INDIA-OOTY, INDIA-GAURI, TAIWAN-NCU, Australia-ASSA",1465188016,OA004,240
17464,1.0,2026-06-11 04:24:09.318000,0.0,1.0,2026-06-11 04:24:11.290000,0.0,1.0,2026-06-11 04:24:09.318,2026-06-11 04:24:00,2026-06-11 04:24:59,CTM/2,3,"INDIA-UDAIPUR, INDIA-GAURI, Australia-ASSA",1465187056,OA004,240
16354,1.0,2026-01-16 04:00:16.552000,0.0,1.0,2026-01-16 04:00:17.496000,0.0,1.0,2026-01-16 04:00:16.552,2026-01-16 04:00:00,2026-01-16 04:00:59,III/2,3,"INDIA-OOTY, Australia-ASSA, NZ-WAIRAKEI-DLR",1452571216,G0002,120
16351,1.0,2026-01-16 02:30:05.338000,0.0,1.0,2026-01-16 02:30:05.791000,0.0,1.0,2026-01-16 02:30:05.338,2026-01-16 02:20:00,2026-01-16 02:30:59,IIIGG/1,3,"INDIA-GAURI, Australia-ASSA, NZ-WAIRAKEI-DLR",1452565816,G0002,120
16350,1.0,2026-01-16 02:11:58.268000,0.0,1.0,2026-01-16 02:11:58.226000,0.0,1.0,2026-01-16 02:11:58.268,2026-01-16 02:08:00,2026-01-16 02:12:59,III/1,2,"Australia-ASSA, NZ-WAIRAKEI-DLR",1452564736,G0060,16
16349,1.0,2026-01-16 02:00:05.268000,0.0,1.0,2026-01-16 02:00:05.226000,0.0,1.0,2026-01-16 02:00:05.268,2026-01-16 01:54:00,2026-01-16 02:01:59,IIIG/1,2,"Australia-ASSA, NZ-WAIRAKEI-DLR",1452564016,G0002,120
16334,1.0,2026-01-13 05:01:00.784000,0.0,1.0,2026-01-13 05:01:00.218000,0.0,1.0,2026-01-13 05:01:00.784,2026-01-13 05:01:00,2026-01-13 05:01:59,III/1,6,"INDIA-UDAIPUR, INDIA-GAURI, TAIWAN-NCU, INDONESIA, Australia-ASSA, NZ-WAIRAKEI-DLR",1452315616,G0002,120
16323,1.0,2026-01-12 04:30:05.221000,0.0,2.0,2026-01-12 04:36:27.666000,0.0,1.0,2026-01-12 04:30:05.221,2026-01-12 04:28:00,2026-01-12 04:36:59,III/3,9,"INDIA-UDAIPUR, ALMATY, INDIA-OOTY, INDIA-GAURI, SRI-Lanka, TAIWAN-NCU, INDONESIA, Australia-ASSA, NZ-WAIRAKEI-DLR",1452227416,G0002,120
16317,1.0,2026-01-12 02:30:05.426000,0.0,1.0,2026-01-12 02:30:05.380000,0.0,1.0,2026-01-12 02:30:05.426,2026-01-12 02:29:00,2026-01-12 02:47:59,III/3,7,"INDIA-UDAIPUR, INDIA-GAURI, SRI-Lanka, TAIWAN-NCU, INDONESIA, Australia-ASSA, NZ-WAIRAKEI-DLR",1452220216,G0002,120
16316,1.0,2026-01-12 02:19:45.392000,0.0,1.0,2026-01-12 02:19:45.350000,0.0,1.0,2026-01-12 02:19:45.392,2026-01-12 02:14:00,2026-01-12 02:22:59,IIIG/1,2,"Australia-ASSA, NZ-WAIRAKEI-DLR",1452219600,G0060,16
16314,1.0,2026-01-12 01:48:40.320000,0.0,1.0,2026-01-12 01:48:30.278000,0.0,1.0,2026-01-12 01:48:40.320,2026-01-12 01:47:00,2026-01-12 01:51:59,III/3,5,"INDIA-GAURI, TAIWAN-NCU, INDONESIA, Australia-ASSA, NZ-WAIRAKEI-DLR",1452217728,G0060,16
17466,1.0,2026-06-11 05:30:05.491000,0.0,2.0,2026-06-11 05:31:28.948000,0.0,1.0,2026-06-11 05:30:05.491,2026-06-11 05:30:00,2026-06-11 05:34:59,III/2,7,"SWISS-HEITERSWIL, GERMANY-DLR, POLAND-BALDY, MRO, INDIA-UDAIPUR, INDIA-GAURI, Australia-ASSA",1465190896,OA004,240
16487,1.0,2026-02-04 05:30:05.328000,0.0,2.0,2026-02-04 05:31:52.757000,0.0,1.0,2026-02-04 05:30:05.328,2026-02-04 05:23:00,2026-02-04 05:49:59,IIIGG/1,7,"INDIA-UDAIPUR, INDIA-OOTY, INDIA-GAURI, MONGOLIA-UB, TAIWAN-NCU, Australia-ASSA, NZ-WAIRAKEI-DLR",1454218216,G0002,120
16488,1.0,2026-02-04 05:30:05.328000,0.0,2.0,2026-02-04 05:31:52.757000,0.0,1.0,2026-02-04 05:30:05.328,2026-02-04 05:23:00,2026-02-04 05:49:59,CTM,7,"INDIA-UDAIPUR, INDIA-OOTY, INDIA-GAURI, MONGOLIA-UB, TAIWAN-NCU, Australia-ASSA, NZ-WAIRAKEI-DLR",1454218216,G0002,120
16298,1.0,2026-01-11 05:01:08.770000,0.0,1.0,2026-01-11 05:01:03.713000,0.0,1.0,2026-01-11 05:01:08.770,2026-01-11 05:01:00,2026-01-11 05:01:59,III/1,3,"INDIA-UDAIPUR, INDIA-OOTY, NZ-WAIRAKEI-DLR",1452142816,G0002,120
16555,1.0,2026-02-05 07:38:01.076000,0.0,1.0,2026-02-05 07:38:00.993000,0.0,1.0,2026-02-05 07:38:01.076,2026-02-05 07:38:00,2026-02-05 07:42:59,IIIR/3,5,"INDIA-UDAIPUR, INDIA-OOTY, INDIA-GAURI, TAIWAN-NCU, Australia-ASSA",1454312272,G0002,120
16780,1.0,2026-03-03 02:01:04.214000,0.0,1.0,2026-03-03 02:01:20.182000,0.0,1.0,2026-03-03 02:01:04.214,2026-03-03 02:01:00,2026-03-03 02:01:59,III/1,2,"Australia-ASSA, NZ-WAIRAKEI-DLR",1456538416,G0002,120
16761,1.0,2026-02-28 07:33:12.497000,0.0,1.0,2026-02-28 07:33:14.421000,0.0,1.0,2026-02-28 07:33:12.497,2026-02-28 07:33:00,2026-02-28 07:34:59,III/1,11,"ALGERIA-CRAAG, Australia-ASSA, HUMAIN, INDIA-GAURI, INDIA-OOTY, INDIA-UDAIPUR, SPAIN-SIGUENZA, POLAND-BALDY, SRI-Lanka, SSRT, TAIWAN-NCU",1456299120,G0002,120
16743,1.0,2026-02-18 04:30:05.100000,0.0,1.0,2026-02-18 04:30:35.545000,0.0,1.0,2026-02-18 04:30:05.100,2026-02-18 04:22:00,2026-02-18 04:44:59,II/2,6,"INDIA-UDAIPUR, INDIA-OOTY, INDIA-GAURI, SSRT, Australia-ASSA, NZ-WAIRAKEI-DLR",1455424216,G0002,120
16651,1.0,2026-02-07 05:00:05.686000,0.0,1.0,2026-02-07 05:00:08.121000,0.0,1.0,2026-02-07 05:00:05.686,2026-02-07 05:00:00,2026-02-07 05:00:59,III/1,4,"INDIA-UDAIPUR, INDIA-OOTY, INDIA-GAURI, Australia-ASSA",1454475616,G0002,120
16612,1.0,2026-02-06 03:30:05.006000,0.0,1.0,2026-02-06 03:30:05.454000,0.0,1.0,2026-02-06 03:30:05.006,2026-02-06 03:30:00,2026-02-06 03:32:59,CTM,2,"Australia-ASSA, NZ-WAIRAKEI-DLR",1454383816,G0002,120
16611,1.0,2026-02-06 03:30:05.006000,0.0,1.0,2026-02-06 03:30:05.454000,0.0,1.0,2026-02-06 03:30:05.006,2026-02-06 03:30:00,2026-02-06 03:32:59,III/1,2,"Australia-ASSA, NZ-WAIRAKEI-DLR",1454383816,G0002,120
16605,1.0,2026-02-06 02:30:05.355000,0.0,1.0,2026-02-06 02:30:05.311000,0.0,1.0,2026-02-06 02:30:05.355,2026-02-06 02:23:00,2026-02-06 02:31:59,CTM,5,"INDIA-GAURI, SRI-Lanka, INDONESIA, Australia-ASSA, NZ-WAIRAKEI-DLR",1454380216,G0002,120
16604,1.0,2026-02-06 02:30:05.355000,0.0,1.0,2026-02-06 02:30:05.311000,0.0,1.0,2026-02-06 02:30:05.355,2026-02-06 02:23:00,2026-02-06 02:31:59,IIIGG/3,5,"INDIA-GAURI, SRI-Lanka, INDONESIA, Australia-ASSA, NZ-WAIRAKEI-DLR",1454380216,G0002,120
16878,1.0,2026-03-30 05:00:05.066000,0.0,1.0,2026-03-30 05:00:31.515000,0.0,1.0,2026-03-30 05:00:05.066,2026-03-30 04:49:00,2026-03-30 05:00:59,CTM,5,"INDIA-UDAIPUR, INDIA-OOTY, INDIA-GAURI, Australia-ASSA, NZ-WAIRAKEI-DLR",1458882016,G0002,120
17462,1.0,2026-06-11 03:39:00.218000,0.0,1.0,2026-06-11 03:39:04.694000,0.0,1.0,2026-06-11 03:39:00.218,2026-06-11 03:39:00,2026-06-11 03:39:59,III/2,11,"POLAND-BALDY, FINLAND-RUISSALO, MRO, INDIA-UDAIPUR, INDIA-OOTY, INDIA-GAURI, TAIWAN-NCU, Australia-ASSA, NZ-WAIRAKEI-DLR, ALASKA-COHOE, ALASKA-HAARP",1465184176,OA004,240
16554,1.0,2026-02-05 07:38:01.076000,0.0,1.0,2026-02-05 07:38:00.993000,0.0,1.0,2026-02-05 07:38:01.076,2026-02-05 07:38:00,2026-02-05 07:42:59,III/2,5,"INDIA-UDAIPUR, INDIA-OOTY, INDIA-GAURI, TAIWAN-NCU, Australia-ASSA",1454312272,G0002,120
16489,2.0,2026-02-04 06:00:25.904000,0.0,1.0,2026-02-04 06:00:05.333000,0.0,1.0,2026-02-04 06:00:25.904,2026-02-04 06:00:00,2026-02-04 06:04:59,IIIGG/1,5,"ROMANIA, INDIA-UDAIPUR, INDIA-GAURI, Australia-ASSA, NZ-WAIRAKEI-DLR",1454220016,G0002,120
16553,1.0,2026-02-05 07:31:00.076000,0.0,1.0,2026-02-05 07:31:03.493000,0.0,1.0,2026-02-05 07:31:00.076,2026-02-05 07:31:00,2026-02-05 07:31:59,RBR,4,"INDIA-UDAIPUR, INDIA-GAURI, TAIWAN-NCU, Australia-ASSA",1454311792,G0002,120
16552,1.0,2026-02-05 07:03:00.006000,0.0,1.0,2026-02-05 07:03:00.423000,0.0,1.0,2026-02-05 07:03:00.006,2026-02-05 07:03:00,2026-02-05 07:04:59,III/3,15,"AUSTRIA-UNIGRAZ, MRO, EGYPT-Alexandria, UZBEKISTAN, INDIA-UDAIPUR, ALMATY, INDIA-OOTY, INDIA-GAURI, SRI-Lanka, SSRT, MONGOLIA-UB, TAIWAN-NCU, INDONESIA, Australia-ASSA, NZ-WAIRAKEI-DLR",1454310112,G0002,120
16551,1.0,2026-02-05 06:55:00.462000,0.0,1.25,2026-02-05 06:55:30.883000,0.0,1.0,2026-02-05 06:55:00.462,2026-02-05 06:55:00,2026-02-05 06:55:59,CTM,5,"INDIA-UDAIPUR, INDIA-OOTY, INDIA-GAURI, TAIWAN-NCU, Australia-ASSA",1454309632,G0002,120
16550,1.0,2026-02-05 06:39:00.425000,0.0,1.0,2026-02-05 06:39:00.345000,0.0,1.0,2026-02-05 06:39:00.425,2026-02-05 06:39:00,2026-02-05 06:39:59,RBR,3,"INDIA-UDAIPUR, INDIA-GAURI, Australia-ASSA",1454308672,G0002,120
16549,1.0,2026-02-05 06:30:05.425000,0.0,1.0,2026-02-05 06:30:05.345000,0.37065,1.0,2026-02-05 06:30:05.425,2026-02-05 06:28:00,2026-02-05 06:32:59,IIIRG/3,5,"INDIA-UDAIPUR, INDIA-GAURI, SRI-Lanka, Australia-ASSA, NZ-WAIRAKEI-DLR",1454308216,G0002,120
16548,1.0,2026-02-05 06:30:05.425000,0.0,1.0,2026-02-05 06:30:05.345000,0.37065,1.0,2026-02-05 06:30:05.425,2026-02-05 06:28:00,2026-02-05 06:32:59,IIIG/2,5,"INDIA-UDAIPUR, INDIA-GAURI, SRI-Lanka, Australia-ASSA, NZ-WAIRAKEI-DLR",1454308216,G0002,120
16547,1.0,2026-02-05 06:00:05.350000,0.0,1.0,2026-02-05 06:00:05.278000,0.0,1.0,2026-02-05 06:00:05.350,2026-02-05 05:59:00,2026-02-05 06:22:59,CTM,11,"EGYPT-Alexandria, INDIA-UDAIPUR, ALMATY, INDIA-OOTY, INDIA-GAURI, SRI-Lanka, SSRT, TAIWAN-NCU, INDONESIA, Australia-ASSA, NZ-WAIRAKEI-DLR",1454306416,G0002,120
16546,1.0,2026-02-05 06:00:05.350000,0.0,1.0,2026-02-05 06:00:05.278000,0.0,1.0,2026-02-05 06:00:05.350,2026-02-05 05:59:00,2026-02-05 06:22:59,III/3,11,"EGYPT-Alexandria, INDIA-UDAIPUR, ALMATY, INDIA-OOTY, INDIA-GAURI, SRI-Lanka, SSRT, TAIWAN-NCU, INDONESIA, Australia-ASSA, NZ-WAIRAKEI-DLR",1454306416,G0002,120
17463,1.0,2026-06-11 04:16:00.318000,0.0,2.0,2026-06-11 04:16:19.790000,0.0,1.0,2026-06-11 04:16:00.318,2026-06-11 04:16:00,2026-06-11 04:16:59,CTM/2,4,"MRO, INDIA-OOTY, INDIA-GAURI, Australia-ASSA",1465186576,OA004,240
16492,1.0,2026-02-04 07:02:14.059000,0.0,1.0,2026-02-04 07:02:22.479000,0.0,1.0,2026-02-04 07:02:14.059,2026-02-04 06:45:00,2026-02-04 07:20:59,IIIGG/3,18,"SWISS-CalU, SWISS-IRSOL, TRIEST, AUSTRIA-UNIGRAZ, POLAND-Grotniki, POLAND-BALDY, MRO, EGYPT-Alexandria, INDIA-UDAIPUR, ALMATY, INDIA-OOTY, INDIA-GAURI, SRI-Lanka, SSRT, TAIWAN-NCU, INDONESIA, Australia-ASSA, NZ-WAIRAKEI-DLR",1454223752,G0060,16
16300,1.0,2026-01-11 06:35:42.985000,0.0,1.0,2026-01-11 06:35:43.908000,0.0,1.0,2026-01-11 06:35:42.985,2026-01-11 06:35:00,2026-01-11 06:35:59,III/1,6,"INDIA-UDAIPUR, INDIA-OOTY, INDIA-GAURI, TAIWAN-NCU, INDONESIA, Australia-ASSA",1452148560,G0002,120
16295,1.0,2026-01-11 03:35:00.056000,0.0,1.0,2026-01-11 03:35:00.005000,0.0,1.0,2026-01-11 03:35:00.056,2026-01-11 03:35:00,2026-01-11 03:35:59,J/3,4,"INDIA-UDAIPUR, INDIA-GAURI, Australia-ASSA, NZ-WAIRAKEI-DLR",1452137640,G0002,120
18144,1.0,2026-07-24 05:15:11.916000,0.0,1.0,2026-07-24 05:15:21.392000,0.0,1.0,2026-07-24 05:15:11.916,2026-07-24 05:13:00,2026-07-24 05:29:59,CTM/1,7,"GERMANY-DLR, POLAND-BALDY, MRO, AUSTRIA-MICHELBACH, INDIA-UDAIPUR, INDIA-GAURI, Australia-ASSA",1468905328,G0060,16
18142,1.0,2026-07-24 04:30:05.321000,0.0,1.0,2026-07-24 04:30:05.300000,0.0,1.0,2026-07-24 04:30:05.321,2026-07-24 04:29:00,2026-07-24 04:41:59,CTM/2,3,"INDIA-UDAIPUR, INDIA-GAURI, Australia-ASSA",1468902616,G0002,120
16075,1.0,2025-12-11 05:35:10.902000,0.0,1.0,2025-12-11 05:35:05.209000,0.0,1.0,2025-12-11 05:35:10.902,2025-12-11 05:35:00,2025-12-11 05:35:59,---,5,"INDIA-OOTY, INDIA-GAURI, INDONESIA, Australia-ASSA, NZ-WAIRAKEI-DLR",1449466336,OA004,240
16074,1.0,2025-12-11 03:48:13.137000,0.0,1.0,2025-12-11 03:48:28.960000,0.0,1.0,2025-12-11 03:48:13.137,2025-12-11 03:48:00,2025-12-11 03:48:59,---,5,"INDIA-OOTY, INDIA-GAURI, SSRT, Australia-ASSA, NZ-WAIRAKEI-DLR",1449460096,OA004,240
18127,1.0,2026-07-24 00:33:34.299000,0.0,1.0,2026-07-24 00:33:48.317000,0.0,1.0,2026-07-24 00:33:34.299,2026-07-24 00:33:00,2026-07-24 00:33:59,III/1,3,"Australia-ASSA, ALASKA-COHOE, ALASKA-HAARP",1468888432,G0060,16
18134,1.0,2026-07-24 03:00:05.119000,0.37065,1.0,2026-07-24 03:00:05.122000,0.0,1.0,2026-07-24 03:00:05.119,2026-07-24 02:57:00,2026-07-24 03:00:59,IIIG/1,5,"MRO, INDIA-GAURI, Australia-ASSA, NZ-WAIRAKEI-DLR, ALASKA-HAARP",1468897216,G0002,120
16065,1.0,2025-12-10 04:21:08.133000,0.0,1.0,2025-12-10 04:21:07.481000,0.0,1.0,2025-12-10 04:21:08.133,2025-12-10 04:21:00,2025-12-10 04:22:59,---,7,"INDIA-OOTY, INDIA-GAURI, SSRT, TAIWAN-NCU, INDONESIA, Australia-ASSA, NZ-WAIRAKEI-DLR",1449375616,OA004,240
16064,1.0,2025-12-10 02:56:00.414000,0.0,1.0,2025-12-10 02:56:08.279000,0.0,1.0,2025-12-10 02:56:00.414,2025-12-10 02:56:00,2025-12-10 02:56:59,---,3,"Australia-ASSA, NZ-WAIRAKEI-DLR, SRI-Lanka",1449370576,OA004,240
18140,1.0,2026-07-24 04:00:10.258000,0.0,1.0,2026-07-24 04:00:42.240000,0.0,1.0,2026-07-24 04:00:10.258,2026-07-24 03:58:00,2026-07-24 04:03:59,III/2,7,"INDIA-UDAIPUR, INDIA-OOTY, INDIA-GAURI, SRI-Lanka, TAIWAN-NCU, Australia-ASSA, ALASKA-COHOE",1468900816,G0002,120
16060,1.0,2025-12-09 06:20:00.976000,0.0,1.0,2025-12-09 06:20:02.314000,0.0,1.0,2025-12-09 06:20:00.976,2025-12-09 06:20:00,2025-12-09 06:20:59,---,5,"INDIA-OOTY, INDIA-GAURI, INDONESIA, Australia-ASSA, NZ-WAIRAKEI-DLR",1449296416,OA004,240
16059,1.0,2025-12-09 05:13:04.796000,0.0,1.0,2025-12-09 05:13:05.133000,0.0,1.0,2025-12-09 05:13:04.796,2025-12-09 05:13:00,2025-12-09 05:13:59,---,4,"INDIA-GAURI, INDONESIA, Australia-ASSA, NZ-WAIRAKEI-DLR",1449292336,OA004,240
16058,1.0,2025-12-09 04:19:02.180000,0.0,1.0,2025-12-09 04:19:00.026000,0.0,1.0,2025-12-09 04:19:02.180,2025-12-09 04:19:00,2025-12-09 04:20:59,---,5,"INDIA-GAURI, SSRT, INDONESIA, Australia-ASSA, NZ-WAIRAKEI-DLR",1449288976,OA004,240
16057,1.0,2025-12-09 03:56:02.102000,0.0,1.0,2025-12-09 03:56:09.956000,0.0,1.0,2025-12-09 03:56:02.102,2025-12-09 03:56:00,2025-12-09 03:56:59,---,3,"INDIA-GAURI, Australia-ASSA, NZ-WAIRAKEI-DLR",1449287776,OA004,240
16083,1.0,2025-12-12 04:26:05.241000,0.0,1.0,2025-12-12 04:26:04.565000,0.0,1.0,2025-12-12 04:26:05.241,2025-12-12 04:26:00,2025-12-12 04:27:59,---,7,"INDIA-GAURI, SSRT, TAIWAN-NCU, INDONESIA, Australia-ASSA, NZ-WAIRAKEI-DLR, SRI-Lanka",1449548656,OA004,240
16056,2.0,2025-12-09 01:45:26.311000,1.4826,1.0,2025-12-09 01:43:34.147000,0.0,1.0,2025-12-09 01:45:26.311,2025-12-09 01:43:00,2025-12-09 02:00:59,---,7,"INDIA-GAURI, SSRT, TAIWAN-NCU, INDONESIA, Australia-ASSA, SRI-Lanka, NZ-WAIRAKEI-DLR",1449279832,G0002,120
16045,1.25,2025-12-08 06:47:37.528000,0.0,1.0,2025-12-08 06:47:34.367000,0.0,1.0,2025-12-08 06:47:37.528,2025-12-08 06:44:00,2025-12-08 06:48:59,---,6,"INDIA-OOTY, INDIA-GAURI, SSRT, INDONESIA, Australia-ASSA, NZ-WAIRAKEI-DLR",1449211672,G0002,120
18143,1.0,2026-07-24 05:00:12.386000,0.0,1.0,2026-07-24 05:00:11.359000,0.0,1.0,2026-07-24 05:00:12.386,2026-07-24 04:56:00,2026-07-24 05:06:59,CTM/2,4,"MRO, INDIA-UDAIPUR, INDIA-GAURI, Australia-ASSA",1468904416,G0002,120
16038,1.0,2025-12-08 04:01:00.123000,0.0,1.0,2025-12-08 04:01:13.478000,0.0,1.0,2025-12-08 04:01:00.123,2025-12-08 04:01:00,2025-12-08 04:07:59,---,8,"INDIA-OOTY, INDIA-GAURI, SSRT, INDONESIA, Australia-ASSA, NZ-WAIRAKEI-DLR, UZBEKISTAN, SRI-Lanka",1449201616,G0002,120
16035,1.0,2025-12-08 03:01:00.472000,0.0,1.0,2025-12-08 03:01:00.340000,0.0,1.0,2025-12-08 03:01:00.472,2025-12-08 03:01:00,2025-12-08 03:01:59,---,3,"INDIA-GAURI, Australia-ASSA, NZ-WAIRAKEI-DLR",1449198016,G0002,120
16031,1.0,2025-12-08 00:08:54.548000,0.0,1.0,2025-12-08 00:08:54.439000,0.0,1.0,2025-12-08 00:08:54.548,2025-12-08 00:03:00,2025-12-08 00:21:59,---,5,"MEXART, TAIWAN-NCU, INDONESIA, Australia-ASSA, NZ-WAIRAKEI-DLR",1449187752,G0060,16
16018,1.0,2025-12-07 05:49:42.340000,0.0,1.0,2025-12-07 05:49:42.192000,0.0,1.0,2025-12-07 05:49:42.340,2025-12-07 05:43:00,2025-12-07 05:49:59,---,5,"INDIA-OOTY, INDIA-GAURI, SSRT, Australia-ASSA, NZ-WAIRAKEI-DLR",1449121800,G0060,16
16015,1.0,2025-12-07 03:01:05.963000,0.0,1.0,2025-12-07 03:01:18.326000,0.0,1.0,2025-12-07 03:01:05.963,2025-12-07 03:01:00,2025-12-07 03:01:59,---,3,"INDIA-GAURI, Australia-ASSA, NZ-WAIRAKEI-DLR",1449111616,G0002,120
15975,1.0,2025-12-05 06:08:02.447000,0.0,1.0,2025-12-05 06:08:03.783000,0.0,1.0,2025-12-05 06:08:02.447,2025-12-05 06:08:00,2025-12-05 06:10:59,---,5,"INDIA-OOTY, INDIA-GAURI, SSRT, Australia-ASSA, NZ-WAIRAKEI-DLR",1448950064,G0002,120
16789,1.0,2026-03-06 03:13:42.333000,0.0,1.0,2026-03-06 03:13:42.289000,0.0,1.0,2026-03-06 03:13:42.333,2026-03-06 03:10:00,2026-03-06 03:13:59,III/1,3,"Australia-ASSA, INDIA-GAURI, NZ-WAIRAKEI-DLR",1456802040,G0002,120
16082,1.0,2025-12-12 04:20:31.241000,0.0,1.0,2025-12-12 04:20:26.565000,0.0,1.0,2025-12-12 04:20:31.241,2025-12-12 04:20:00,2025-12-12 04:20:59,---,3,"SSRT, Australia-ASSA, NZ-WAIRAKEI-DLR",1449548440,OA004,216
17966,1.0,2026-07-13 03:00:05.149000,0.0,1.0,2026-07-13 03:00:11.132000,0.0,1.0,2026-07-13 03:00:05.149,2026-07-13 03:00:00,2026-07-13 03:00:59,III/1,4,"MRO, INDIA-UDAIPUR, INDIA-GAURI, Australia-ASSA",1467946816,G0002,120
16294,1.0,2026-01-11 03:22:00.021000,0.0,1.0,2026-01-11 03:22:00.471000,0.0,1.0,2026-01-11 03:22:00.021,2026-01-11 03:22:00,2026-01-11 03:22:59,RBR,2,"Australia-ASSA, NZ-WAIRAKEI-DLR",1452136920,G0002,120
16213,1.0,2026-01-07 04:30:16.822000,0.0,1.0,2026-01-07 04:30:20.750000,0.0,1.0,2026-01-07 04:30:16.822,2026-01-07 04:28:00,2026-01-07 05:17:59,CTM,9,"INDIA-UDAIPUR, INDIA-OOTY, INDIA-GAURI, SSRT, MONGOLIA-UB, TAIWAN-NCU, INDONESIA, Australia-ASSA, NZ-WAIRAKEI-DLR",1451795416,G0002,120
17468,1.0,2026-06-11 06:44:00.119000,0.0,1.0,2026-06-11 06:44:38.574000,0.0,1.0,2026-06-11 06:44:00.119,2026-06-11 06:44:00,2026-06-11 06:44:59,III/1,18,"BIR, GLASGOW, HUMAIN, SWISS-PHLWA, SWISS-IRSOL, SWISS-HEITERSWIL, SWISS-Landschlacht, GERMANY-DLR, AUSTRIA-UNIGRAZ, FINLAND-RUISSALO, MRO, EGYPT-Alexandria, INDIA-UDAIPUR, INDIA-OOTY, INDIA-GAURI, SSRT, TAIWAN-NCU, Australia-ASSA",1465195456,OA004,240
17491,1.0,2026-06-13 03:00:05.170000,0.0,1.0,2026-06-13 03:00:05.140000,0.0,1.0,2026-06-13 03:00:05.170,2026-06-13 03:00:00,2026-06-13 03:01:59,IIIG/2,8,"MRO, INDIA-UDAIPUR, INDIA-OOTY, INDIA-GAURI, TAIWAN-NCU, Australia-ASSA, NZ-WAIRAKEI-DLR, ALASKA-COHOE",1465354816,G0002,120
16253,1.0,2026-01-08 05:30:05.490000,0.0,1.0,2026-01-08 05:30:05.416000,0.0,1.0,2026-01-08 05:30:05.490,2026-01-08 05:25:00,2026-01-08 05:42:59,IIIGG/2,10,"UZBEKISTAN, INDIA-UDAIPUR, INDIA-OOTY, INDIA-GAURI, SSRT, MONGOLIA-UB, TAIWAN-NCU, INDONESIA, Australia-ASSA, NZ-WAIRAKEI-DLR",1451885416,G0002,120
16250,1.0,2026-01-08 04:30:13.834000,0.0,1.0,2026-01-08 04:30:13.762000,0.0,1.0,2026-01-08 04:30:13.834,2026-01-08 04:30:00,2026-01-08 04:30:59,III/1,4,"INDIA-UDAIPUR, INDIA-GAURI, Australia-ASSA, NZ-WAIRAKEI-DLR",1451881816,G0002,120
17527,1.0,2026-06-15 03:30:10.202000,0.0,1.0,2026-06-15 03:30:10.177000,0.0,1.0,2026-06-15 03:30:10.202,2026-06-15 03:27:00,2026-06-15 03:31:59,III/2,9,"GERMANY-DLR, POLAND-BALDY, MRO, INDIA-UDAIPUR, INDIA-GAURI, Australia-ASSA, NZ-WAIRAKEI-DLR, ALASKA-COHOE, ALASKA-HAARP",1465529416,G0002,120
17722,1.0,2026-07-02 02:31:00.601000,0.0,1.0,2026-07-02 02:31:00.577000,0.9266249999999999,1.0,2026-07-02 02:31:00.601,2026-07-02 02:31:00,2026-07-02 02:31:59,III/1,6,"MRO, INDIA-GAURI, TAIWAN-NCU, Australia-ASSA, ALASKA-COHOE, ALASKA-HAARP",1466994616,G0002,120
16249,1.0,2026-01-08 03:41:58.178000,0.0,1.0,2026-01-08 03:41:58.116000,0.0,1.0,2026-01-08 03:41:58.178,2026-01-08 03:41:00,2026-01-08 03:41:59,III/1,2,"Australia-ASSA, NZ-WAIRAKEI-DLR",1451878936,G0060,16
16217,1.0,2026-01-07 06:43:18.133000,0.0,1.0,2026-01-07 06:43:18.046000,0.0,1.0,2026-01-07 06:43:18.133,2026-01-07 06:43:00,2026-01-07 06:43:59,III/2,7,"INDIA-UDAIPUR, INDIA-OOTY, INDIA-GAURI, TAIWAN-NCU, INDONESIA, Australia-ASSA, NZ-WAIRAKEI-DLR",1451803416,G0060,16
16216,1.0,2026-01-07 06:23:19.595000,0.0,1.0,2026-01-07 06:23:01.509000,0.0,1.0,2026-01-07 06:23:19.595,2026-01-07 06:23:00,2026-01-07 06:28:59,CTM,3,"INDIA-UDAIPUR, INDIA-GAURI, Australia-ASSA",1451802112,G0002,120
17723,1.0,2026-07-02 03:00:20.666000,0.0,2.0,2026-07-02 03:00:50.640000,0.0,1.0,2026-07-02 03:00:20.666,2026-07-02 03:00:00,2026-07-02 03:00:59,CTM/1,6,"MRO, INDIA-UDAIPUR, INDIA-GAURI, Australia-ASSA, NZ-WAIRAKEI-DLR, ALASKA-COHOE",1466996416,G0002,120
16211,1.0,2026-01-07 03:41:58.166000,0.0,1.0,2026-01-07 03:41:58.101000,0.0,1.0,2026-01-07 03:41:58.166,2026-01-07 03:37:00,2026-01-07 04:09:59,IIIG/3,9,"INDIA-UDAIPUR, INDIA-OOTY, INDIA-GAURI, SSRT, MONGOLIA-UB, TAIWAN-NCU, INDONESIA, Australia-ASSA, NZ-WAIRAKEI-DLR",1451792536,G0060,16
17956,1.0,2026-07-12 01:57:18.485000,0.0,1.0,2026-07-12 01:57:18.475000,0.0,1.0,2026-07-12 01:57:18.485,2026-07-12 01:40:00,2026-07-12 01:57:59,II/1,7,"MRO, INDIA-GAURI, TAIWAN-NCU, Australia-ASSA, NZ-WAIRAKEI-DLR, ALASKA-COHOE, ALASKA-HAARP",1467856656,G0060,16
12476,1.0,2025-02-14 05:30:05.218000,0.0,1.0,2025-02-14 05:30:05.152000,0.0,1.0,2025-02-14 05:30:05.218,2025-02-14 05:27:00,2025-02-14 05:32:59,---,4,"INDIA-GAURI, SSRT, INDIA-OOTY, Australia-ASSA",1423546216,G0002,176
16207,1.0,2026-01-07 02:00:13.931000,0.0,1.0,2026-01-07 02:00:14.383000,0.0,1.0,2026-01-07 02:00:13.931,2026-01-07 02:00:00,2026-01-07 02:06:59,IIIG/2,6,"INDIA-GAURI, MONGOLIA-UB, TAIWAN-NCU, INDONESIA, Australia-ASSA, NZ-WAIRAKEI-DLR",1451786416,G0002,120
17727,1.0,2026-07-02 06:31:02.105000,0.0,1.0,2026-07-02 06:31:00.064000,0.0,1.0,2026-07-02 06:31:02.105,2026-07-02 06:31:00,2026-07-02 06:39:59,IIIG/1,20,"BIR, GLASGOW, SPAIN-SIGUENZA, HUMAIN, GERMANY-ESSEN, SWISS-IRSOL, SWISS-HEITERSWIL, SWISS-Landschlacht, GERMANY-DLR, TRIEST, AUSTRIA-UNIGRAZ, POLAND-BALDY, FINLAND-RUISSALO, MRO, EGYPT-Alexandria, INDIA-UDAIPUR, INDIA-OOTY, INDIA-GAURI, TAIWAN-NCU, Australia-ASSA",1467009016,G0002,120
17819,1.0,2026-07-06 01:39:50.454000,0.0,1.0,2026-07-06 01:39:50.444000,0.0,1.0,2026-07-06 01:39:50.454,2026-07-06 01:39:00,2026-07-06 01:40:59,IIIGG/2,7,"MRO, INDIA-UDAIPUR, INDIA-GAURI, Australia-ASSA, NZ-WAIRAKEI-DLR, ALASKA-COHOE, ALASKA-HAARP",1467337208,G0060,16
17875,1.0,2026-07-09 04:00:07.750000,0.0,1.0,2026-07-09 04:00:05.227000,0.0,1.0,2026-07-09 04:00:07.750,2026-07-09 03:59:00,2026-07-09 04:02:59,IIIG/1,10,"POLAND-BALDY, MRO, AUSTRIA-MICHELBACH, INDIA-UDAIPUR, INDIA-OOTY, INDIA-GAURI, TAIWAN-NCU, Australia-ASSA, ALASKA-COHOE, ALASKA-HAARP",1467604816,G0002,120
17918,1.0,2026-07-10 06:01:02,0.0,1.0,2026-07-10 06:00:52.970000,0.0,1.0,2026-07-10 06:01:02.000,2026-07-10 05:57:00,2026-07-10 06:02:59,III/2,5,"GERMANY-DLR, POLAND-BALDY, MRO, INDIA-GAURI, Australia-ASSA",1467698416,G0002,120
16115,1.0,2025-12-26 02:43:00.400000,0.0,1.0,2025-12-26 02:43:00.361000,0.0,1.0,2025-12-26 02:43:00.400,2025-12-26 02:43:00,2025-12-26 02:43:59,---,4,"SSRT, INDONESIA, Australia-ASSA, NZ-WAIRAKEI-DLR",1450752120,G0002,120
16093,1.0,2025-12-13 07:52:46.197000,0.0,1.0,2025-12-13 07:52:47.111000,0.0,1.0,2025-12-13 07:52:46.197,2025-12-13 07:52:00,2025-12-13 07:53:59,---,9,"GERMANY-ESSEN, MRO, EGYPT-Alexandria, INDIA-OOTY, INDIA-GAURI, SSRT, TAIWAN-NCU, INDONESIA, Australia-ASSA",1449647584,G0060,16
16092,1.0,2025-12-13 04:45:08.764000,0.0,1.0,2025-12-13 04:45:08.199000,0.0,1.0,2025-12-13 04:45:08.764,2025-12-13 04:45:00,2025-12-13 04:45:59,---,3,"INDIA-GAURI, Australia-ASSA, NZ-WAIRAKEI-DLR",1449636256,OA004,240
16091,1.0,2025-12-13 03:57:00.122000,0.0,1.0,2025-12-13 03:57:00.064000,0.0,1.0,2025-12-13 03:57:00.122,2025-12-13 03:57:00,2025-12-13 03:58:59,---,8,"INDIA-OOTY, INDIA-GAURI, SSRT, TAIWAN-NCU, INDONESIA, Australia-ASSA, NZ-WAIRAKEI-DLR, SRI-Lanka",1449633376,OA004,240
16210,2.0,2026-01-07 03:04:59.088000,1.4826,1.0,2026-01-07 03:00:05.028000,0.0,1.0,2026-01-07 03:04:59.088,2026-01-07 02:35:00,2026-01-07 03:29:59,IIIGG/3,11,"UZBEKISTAN, INDIA-UDAIPUR, INDIA-OOTY, INDIA-GAURI, SSRT, MONGOLIA-UB, TAIWAN-NCU, INDONESIA, Australia-ASSA, NZ-WAIRAKEI-DLR, ALASKA-HAARP",1451790304,G0060,16
11913,3.0,2025-01-07 02:19:49.830000,1.11195,1.0,2025-01-07 02:19:48.791000,0.0,1.0,2025-01-07 02:19:49.830,2025-01-07 02:19:00,2025-01-07 02:19:59,---,3,"Australia-ASSA, SSRT, TAIWAN-NCU",1420251600,G0060,16
12417,3.0,2025-02-09 03:02:11.952000,0.0,1.0,2025-02-09 03:02:00.908000,0.0,1.0,2025-02-09 03:02:11.952,2025-02-09 03:02:00,2025-02-09 03:02:59,---,3,"MONGOLIA-UB, SRI-Lanka, SSRT",1423105216,G0002,176
9908,1.0,2024-06-24 03:00:05.404000,0.0,3.0,2024-06-24 03:00:16.017000,0.0,1.0,2024-06-24 03:00:05.404,2024-06-24 02:41:00,2024-06-24 03:21:59,VI,8,"ALASKA-COHOE, ALASKA-HAARP, ALMATY, Australia-ASSA, INDIA-GAURI, INDIA-OOTY, MONGOLIA-UB, SSRT",1403233216,G0002,120
10135,1.0,2024-07-20 06:00:12.237000,0.0,1.0,2024-07-20 06:00:09.909000,0.0,1.0,2024-07-20 06:00:12.237,2024-07-20 06:00:00,2024-07-20 06:08:59,III,3,"GERMANY-DLR, INDIA-GAURI, INDIA-UDAIPUR",1405490416,G0002,120
10114,1.0,2024-07-17 06:12:30.206000,0.0,1.0,2024-07-17 06:12:30.403000,0.0,1.0,2024-07-17 06:12:30.206,2024-07-17 06:09:00,2024-07-17 06:12:59,III?,25,"(ALASKA-ANCHORAGE), ALASKA-COHOE, ALASKA-HAARP, AUSTRIA-OE3FLB, AUSTRIA-UNIGRAZ, Australia-ASSA, BIR, EGYPT-Alexandria, GERMANY-DLR, HUMAIN, INDIA-OOTY, INDIA-UDAIPUR, ITALY-Strassolt, KASI, MRO, Malaysia-Banting, NORWAY-EGERSUND, RWANDA, SSRT, SWISS-CalU, SWISS-HB9SCT, SWISS-IRSOL, SWISS-Landschlacht, SWISS-MUHEN, USA-BOSTON",1405231968,G0002,8
10084,1.0,2024-07-14 01:12:22.747000,0.0,2.0,2024-07-14 01:12:37.799000,0.0,1.0,2024-07-14 01:12:22.747,2024-07-14 01:05:00,2024-07-14 01:13:59,III,4,"ALASKA-COHOE, ALASKA-HAARP, Australia-ASSA, TAIWAN-NCU",1404954760,G0060,16
10012,1.0,2024-07-04 03:30:08.959000,0.0,1.0,2024-07-04 03:30:10.457000,0.0,1.0,2024-07-04 03:30:08.959,2024-07-04 03:30:00,2024-07-04 03:33:59,III,8,"ALASKA-COHOE, ALASKA-HAARP, GERMANY-DLR, INDIA-OOTY, INDIA-UDAIPUR, MRO, SSRT, TAIWAN-NCU",1404099016,OA004,240
9985,1.0,2024-06-29 02:30:29.877000,0.0,2.0,2024-06-29 02:30:29.974000,0.0,1.0,2024-06-29 02:30:29.877,2024-06-29 02:24:00,2024-06-29 02:30:59,III,3,"ALASKA-COHOE, ALASKA-HAARP, Australia-ASSA",1403663416,OA004,240
9982,1.0,2024-06-28 06:33:12.258000,0.0,1.0,2024-06-28 06:33:00.964000,0.0,1.0,2024-06-28 06:33:12.258,2024-06-28 06:33:00,2024-06-28 06:38:59,III,11,"ALMATY, AUSTRIA-UNIGRAZ, EGYPT-Alexandria, GLASGOW, HUMAIN, INDIA-OOTY, MRO, SSRT, SWISS-HEITERSWIL, SWISS-Landschlacht, TRIEST",1403591416,OA004,240
9981,1.0,2024-06-28 03:30:07.466000,0.0,2.0,2024-06-28 03:31:20.089000,0.0,1.0,2024-06-28 03:30:07.466,2024-06-28 03:25:00,2024-06-28 03:31:59,III,7,"ALASKA-COHOE, ALASKA-HAARP, Australia-ASSA, GERMANY-DLR, INDIA-OOTY, SSRT, TAIWAN-NCU",1403580616,OA004,240
9956,1.0,2024-06-27 05:15:13.650000,0.0,1.0,2024-06-27 05:15:05.330000,0.0,1.0,2024-06-27 05:15:13.650,2024-06-27 05:13:00,2024-06-27 05:15:59,III,26,"ALASKA-COHOE, ALASKA-HAARP, ALMATY, AUSTRIA-MICHELBACH, AUSTRIA-UNIGRAZ, Australia-ASSA, (BIR), EGYPT-Alexandria, (FINLAND-Siuntio), GERMANY-DLR, (GLASGOW), HUMAIN, INDIA-GAURI, INDIA-OOTY, (KASI), MRO, (Malaysia-Banting), NORWAY-EGERSUND, SSRT, SWISS-HB9SCT, SWISS-HEITERSWIL, (SWISS-IRSOL), SWISS-Landschlacht, SWISS-MUHEN, TAIWAN-NCU, USA-BOSTON",1403500520,OA004,240
9955,1.0,2024-06-27 02:30:13.887000,0.0,2.0,2024-06-27 02:31:01.989000,0.0,1.0,2024-06-27 02:30:13.887,2024-06-27 02:17:00,2024-06-27 02:32:59,VI,6,"ALASKA-COHOE, ALASKA-HAARP, Australia-ASSA, INDIA-GAURI, INDIA-OOTY, (SSRT)",1403490616,OA004,240
9940,1.0,2024-06-26 04:47:00.084000,0.0,1.0,2024-06-26 04:47:01.250000,0.0,1.0,2024-06-26 04:47:00.084,2024-06-26 04:47:00,2024-06-26 04:50:59,III,3,"Australia-ASSA, (GERMANY-DLR), INDIA-OOTY",1403412320,OA004,240
9939,1.0,2024-06-26 03:02:10.424000,0.0,1.25,2024-06-26 03:02:26.537000,0.0,1.0,2024-06-26 03:02:10.424,2024-06-26 03:02:00,2024-06-26 03:03:59,III,5,"ALASKA-COHOE, ALASKA-HAARP, ALMATY, Australia-ASSA, SSRT",1403406016,OA004,240
9938,1.0,2024-06-26 02:19:42.355000,0.0,2.0,2024-06-26 02:19:43.447000,0.0,1.0,2024-06-26 02:19:42.355,2024-06-26 02:18:00,2024-06-26 02:20:59,V?,10,"ALASKA-ANCHORAGE, ALASKA-COHOE, ALASKA-HAARP, ALMATY, Australia-ASSA, INDIA-OOTY, MONGOLIA-UB, MRO, SSRT, TAIWAN-NCU",1403403600,G0060,16
9886,1.0,2024-06-22 00:20:15.671000,0.0,1.0,2024-06-22 00:20:20.701000,0.0,1.0,2024-06-22 00:20:15.671,2024-06-22 00:00:00,2024-06-22 00:22:59,II,3,"ALASKA-COHOE, ALASKA-HAARP, Australia-ASSA",1403050832,G0060,16
10187,1.0,2024-07-23 00:33:18.214000,0.0,1.0,2024-07-23 00:33:18.240000,0.0,1.0,2024-07-23 00:33:18.214,2024-07-23 00:09:00,2024-07-23 00:38:59,III,3,"ALASKA-COHOE, ALASKA-HAARP, Australia-ASSA",1405730016,G0060,16
9815,1.0,2024-06-15 05:00:13.572000,0.0,1.0,2024-06-15 05:00:13.730000,0.0,1.0,2024-06-15 05:00:13.572,2024-06-15 04:59:00,2024-06-15 05:00:59,III,2,"HUMAIN, *",1402462816,G0002,120
9809,1.0,2024-06-14 04:02:09.015000,0.0,1.0,2024-06-14 04:02:04.138000,0.2779875,1.0,2024-06-14 04:02:09.015,2024-06-14 04:02:00,2024-06-14 04:03:59,III,2,"Australia-ASSA, *",1402372816,OA004,296
9806,1.0,2024-06-13 04:00:05.492000,0.0,1.0,2024-06-13 04:00:05.618000,0.0,1.0,2024-06-13 04:00:05.492,2024-06-13 03:59:00,2024-06-13 04:00:59,III,2,"INDIA-OOTY, *",1402286416,OA004,296
9768,2.0,2024-06-08 05:01:07.607000,0.0,1.0,2024-06-08 05:00:05.262000,0.0,1.0,2024-06-08 05:01:07.607,2024-06-08 04:57:00,2024-06-08 05:01:59,III,2,"HUMAIN, *",1401858016,G0002,120
9720,1.0,2024-06-03 02:54:01.876000,0.0,1.0,2024-06-03 02:54:00.456000,0.0,1.0,2024-06-03 02:54:01.876,2024-06-03 02:54:00,2024-06-03 02:54:59,III,2,"ALMATY, *",1401418456,G0002,120
9709,1.0,2024-05-31 03:35:02.970000,0.0,1.0,2024-05-31 03:35:03.080000,0.0,1.0,2024-05-31 03:35:02.970,2024-05-31 03:35:00,2024-05-31 03:37:59,III,1,INDIA-UDAIPUR,1401161656,G0002,120
9661,1.0,2024-05-23 04:31:02.559000,0.0,1.0,2024-05-23 04:31:02.203000,0.0,1.0,2024-05-23 04:31:02.559,2024-05-23 04:31:00,2024-05-23 04:34:59,DCIM,2,"NORWAY-NY-AALESUND, *",1400473816,G0002,120
9660,1.0,2024-05-23 04:00:06.007000,0.0,1.0,2024-05-23 04:00:05.138000,0.0,1.0,2024-05-23 04:00:06.007,2024-05-23 03:55:00,2024-05-23 04:25:59,VI,2,"INDIA-OOTY, *",1400472016,G0002,120
9615,1.0,2024-05-20 05:30:06.170000,0.0,1.0,2024-05-20 05:30:05.333000,0.0,1.0,2024-05-20 05:30:06.170,2024-05-20 05:24:00,2024-05-20 05:48:59,VI,10,"(ALASKA-COHOE), Australia-ASSA, GERMANY-DLR, HUMAIN, INDIA-OOTY, INDIA-UDAIPUR, MRO, NORWAY-EGERSUND, SSRT, (SWISS-Landschlacht)",1400218216,G0002,296
9614,1.0,2024-05-20 04:00:06.516000,0.0,1.0,2024-05-20 04:00:05.644000,0.0,1.0,2024-05-20 04:00:06.516,2024-05-20 03:50:00,2024-05-20 04:22:59,VI,11,"ALASKA-COHOE, ALASKA-HAARP, ALMATY, Australia-ASSA, GERMANY-DLR, INDIA-OOTY, INDIA-UDAIPUR, MONGOLIA-UB, MRO, SSRT, SWISS-Landschlacht",1400212816,G0002,296
9613,1.0,2024-05-20 03:30:05.968000,0.185325,1.0,2024-05-20 03:30:09.082000,0.0,1.0,2024-05-20 03:30:05.968,2024-05-20 03:08:00,2024-05-20 03:30:59,VI,5,"ALASKA-COHOE, (ALASKA-HAARP), Australia-ASSA, INDIA-OOTY, SSRT",1400211016,G0002,296
9596,1.0,2024-05-19 06:30:06.732000,0.0,1.0,2024-05-19 06:30:05.451000,0.0,1.0,2024-05-19 06:30:06.732,2024-05-19 06:30:00,2024-05-19 06:33:59,III,17,"ALMATY, AUSTRIA-OE3FLB, Australia-ASSA, BIR, EGYPT-Alexandria, GERMANY-DLR, HUMAIN, INDIA-GAURI, INDIA-UDAIPUR, MRO, NORWAY-EGERSUND, SSRT, SWISS-HEITERSWIL, SWISS-Landschlacht, SWISS-MUHEN, TRIEST, USA-BOSTON",1400135416,G0002,296
10150,1.0,2024-07-21 03:00:18.930000,0.0,1.0,2024-07-21 03:00:05.043000,0.0,1.0,2024-07-21 03:00:18.930,2024-07-21 02:33:00,2024-07-21 03:16:59,VI,8,"ALASKA-COHOE, ALASKA-HAARP, Australia-ASSA, INDIA-GAURI, INDIA-OOTY, INDIA-UDAIPUR, MONGOLIA-UB, SSRT",1405566016,G0002,120
10189,1.0,2024-07-23 02:30:09.375000,0.0,2.0,2024-07-23 02:31:28.971000,0.0,1.0,2024-07-23 02:30:09.375,2024-07-23 02:20:00,2024-07-23 02:53:59,VI,7,"ALASKA-COHOE, ALASKA-HAARP, Australia-ASSA, INDIA-GAURI, INDIA-UDAIPUR, MONGOLIA-UB, SSRT",1405737016,G0002,120
10757,1.0,2024-09-10 00:42:40.775000,0.0,1.0,2024-09-10 00:42:38.323000,1.4826,1.0,2024-09-10 00:42:40.775,2024-09-10 00:09:00,2024-09-10 00:57:59,CTM,1,Australia-ASSA,1409964176,G0060,16
10370,1.0,2024-08-01 07:05:56.163000,0.0,1.0,2024-08-01 07:05:57.296000,0.0,1.0,2024-08-01 07:05:56.163,2024-08-01 07:01:00,2024-08-01 07:09:59,III,27,"ALMATY, AUSTRIA-MICHELBACH, AUSTRIA-OE3FLB, AUSTRIA-UNIGRAZ, Australia-ASSA, BIR, EGYPT-Alexandria, EGYPT-SpaceAgency, GERMANY-DLR, GLASGOW, HUMAIN, HURBANOVO, INDIA-GAURI, INDIA-OOTY, ITALY-Strassolt, KASI, MONGOLIA-UB, MRO, NORWAY-EGERSUND, SSRT, SWISS-CalU, SWISS-HEITERSWIL, SWISS-IRSOL, SWISS-Landschlacht, SWISS-MUHEN, TAIWAN-NCU, TRIEST",1406531168,G0060,16
10738,1.0,2024-09-07 01:20:25.830000,0.0,1.0,2024-09-07 01:20:37.424000,0.0,1.0,2024-09-07 01:20:25.830,2024-09-07 01:13:00,2024-09-07 01:34:59,VI,4,"ALASKA-COHOE, ALASKA-HAARP, Australia-ASSA, TAIWAN-NCU",1409707240,G0060,16
10688,1.0,2024-09-02 03:30:14.070000,0.0,1.0,2024-09-02 03:30:11.204000,0.0,1.0,2024-09-02 03:30:14.070,2024-09-02 03:29:00,2024-09-02 03:37:59,III,2,"INDIA-UDAIPUR, *",1409283016,G0002,120
10624,1.0,2024-08-13 02:49:42.514000,0.0,1.0,2024-08-13 02:49:42.107000,0.37065,1.0,2024-08-13 02:49:42.514,2024-08-13 02:47:00,2024-08-13 02:55:59,III,2,"ALASKA-HAARP, *",1407552600,G0060,16
10604,1.0,2024-08-12 05:30:13.771000,0.0,1.0,2024-08-12 05:30:11.965000,0.0,1.0,2024-08-12 05:30:13.771,2024-08-12 05:24:00,2024-08-12 05:54:59,VI,22,"ALMATY, AUSTRIA-MICHELBACH, AUSTRIA-UNIGRAZ, EGYPT-Alexandria, FINLAND-Siuntio, GERMANY-DLR, HUMAIN, INDIA-OOTY, INDIA-UDAIPUR, ITALY-Strassolt, KASI, MONGOLIA-UB, MRO, MRT1, Malaysia-Banting, NORWAY-EGERSUND, SOUTHAFRICA-SANSA, SSRT, SWISS-HEITERSWIL, SWISS-Landschlacht, TAIWAN-NCU, USA-BOSTON",1407475816,G0002,120
10603,1.0,2024-08-12 04:30:13.663000,0.0,1.0,2024-08-12 04:30:13.834000,0.0,1.0,2024-08-12 04:30:13.663,2024-08-12 04:26:00,2024-08-12 04:32:59,III,2,"INDIA-OOTY, *",1407472216,G0002,120
10586,1.0,2024-08-11 06:30:06.353000,0.0,1.0,2024-08-11 06:30:06.070000,0.0,1.0,2024-08-11 06:30:06.353,2024-08-11 06:27:00,2024-08-11 06:36:59,III,2,"GLASGOW, *",1407393016,G0002,120
10515,3.0,2024-08-08 06:32:26.812000,0.0,1.0,2024-08-08 06:30:05.535000,0.0,1.0,2024-08-08 06:32:26.812,2024-08-08 06:30:00,2024-08-08 06:34:59,V?,35,"ALASKA-ANCHORAGE, ALASKA-COHOE, ALASKA-HAARP, ALGERIA-CRAAG, ALMATY, AUSTRIA-OE3FLB, AUSTRIA-MICHELBACH, AUSTRIA-UNIGRAZ, Australia-ASSA, EGYPT-Alexandria, EGYPT-SpaceAgency, ETHIOPIA, FINLAND-Siuntio, Finland-Kempele, GERMANY-DLR, GLASGOW, HUMAIN, INDIA-OOTY, INDIA-UDAIPUR, ITALY-Strassolt, MONGOLIA-U, MRO, MRT1, Malaysia-Banting, NORWAY-EGERSUND, ROMANIA, SOUTHAFRICA-SANSA, SSRT, SWISS-CalU, SWISS-HEITERSWIL, SWISS-IRSOL, SWISS-Landschlacht, SWISS-MUHEN, TRIEST, USA-BOSTON",1407133960,G0060,16
10512,1.0,2024-08-08 04:00:07.589000,0.0,1.0,2024-08-08 04:00:05.229000,0.0,1.0,2024-08-08 04:00:07.589,2024-08-08 03:52:00,2024-08-08 04:12:59,VI,2,"ALASKA-HAARP, *",1407124816,G0002,120
10462,1.0,2024-08-06 02:38:03.939000,0.0,1.0,2024-08-06 02:37:58.055000,0.0,1.0,2024-08-06 02:38:03.939,2024-08-06 02:35:00,2024-08-06 02:39:59,III,2,"INDIA-OOTY, *",1406947096,G0060,16
10433,1.0,2024-08-05 05:30:05.732000,0.0,1.0,2024-08-05 05:30:05.440000,0.0,1.0,2024-08-05 05:30:05.732,2024-08-05 05:24:00,2024-08-05 05:47:59,II,29,"ALASKA-COHOE, ALASKA-HAARP, ALMATY, AUSTRIA-UNIGRAZ, Australia-ASSA, BIR, EGYPT-Alexandria, FINLAND-Siuntio, Finland-Kempele, GERMANY-DLR, GLASGOW, HUMAIN, INDIA-GAURI, INDIA-OOTY, INDIA-UDAIPUR, ITALY-Strassolt, KASI, MRO, MRT1, Malaysia-Banting, NORWAY-EGERSUND, RWANDA, SSRT, SWISS-CalU, SWISS-HEITERSWIL, SWISS-IRSOL, SWISS-Landschlacht, TAIWAN-NCU, USA-BOSTON",1406871016,G0002,120
10383,1.0,2024-08-02 04:48:33.090000,0.0,1.0,2024-08-02 04:48:30.239000,0.0,1.0,2024-08-02 04:48:33.090,2024-08-02 04:48:00,2024-08-02 04:59:59,II,7,"AUSTRIA-UNIGRAZ, GERMANY-DLR, HUMAIN, INDIA-OOTY, MONGOLIA-UB, SSRT, (TAIWAN-NCU)",1406609328,G0060,16
10381,1.0,2024-08-02 04:30:05.067000,0.0,2.0,2024-08-02 04:30:30.208000,0.0,1.0,2024-08-02 04:30:05.067,2024-08-02 04:29:00,2024-08-02 04:31:59,III,2,"FINLAND-Siuntio, *",1406608216,G0002,120
10363,1.0,2024-08-01 00:38:20.679000,0.0,1.0,2024-08-01 00:38:14.237000,0.0,1.0,2024-08-01 00:38:20.679,2024-08-01 00:09:00,2024-08-01 00:50:59,VI,3,"ALASKA-COHOE, ALASKA-HAARP, Australia-ASSA",1406507912,G0060,16
10190,1.0,2024-07-23 03:46:00.510000,0.0,1.0,2024-07-23 03:45:58.124000,0.0,1.0,2024-07-23 03:46:00.510,2024-07-23 03:44:00,2024-07-23 03:50:59,III,10,"ALASKA-COHOE, ALASKA-HAARP, AUSTRIA-UNIGRAZ, Australia-ASSA, GERMANY-DLR, INDIA-GAURI, INDIA-OOTY, INDIA-UDAIPUR, MONGOLIA-UB, SSRT",1405741576,G0060,16
10343,1.0,2024-07-31 02:07:29.824000,0.0,1.0,2024-07-31 02:07:29.909000,0.0,1.0,2024-07-31 02:07:29.824,2024-07-31 02:03:00,2024-07-31 02:08:59,III,2,"KASI, *",1406426864,G0002,168
10341,1.0,2024-07-31 00:37:36.666000,0.0,1.0,2024-07-31 00:37:34.232000,0.0,1.0,2024-07-31 00:37:36.666,2024-07-31 00:00:00,2024-07-31 00:56:59,VI,2,"TAIWAN-NCU, *",1406421472,G0060,16
10325,1.0,2024-07-30 03:30:05.463000,0.0,1.0,2024-07-30 03:30:05.094000,0.0,1.0,2024-07-30 03:30:05.463,2024-07-30 03:19:00,2024-07-30 03:44:59,VI,2,"INDIA-OOTY, *",1406345416,G0002,120
10303,1.0,2024-07-29 01:22:41.233000,0.0,1.0,2024-07-29 01:22:40.820000,1.4826,1.0,2024-07-29 01:22:41.233,2024-07-29 01:09:00,2024-07-29 01:27:59,VI,2,"Australia-ASSA, *",1406251376,G0060,16
10290,1.0,2024-07-28 03:42:54.975000,0.0,1.0,2024-07-28 03:42:55.093000,0.0,1.0,2024-07-28 03:42:54.975,2024-07-28 03:42:00,2024-07-28 03:42:59,RSP,1,NORWAY-NY-AALESUND,1406173392,G0060,16
10242,1.0,2024-07-26 03:30:08.989000,0.0,1.0,2024-07-26 03:30:08.609000,0.0,1.0,2024-07-26 03:30:08.989,2024-07-26 03:28:00,2024-07-26 03:35:59,III,2,"INDIA-UDAIPUR, *",1405999816,G0002,120
10241,1.0,2024-07-26 02:19:00.371000,0.0,1.0,2024-07-26 02:19:00.451000,0.0,1.0,2024-07-26 02:19:00.371,2024-07-26 02:19:00,2024-07-26 03:00:59,III,2,"SSRT, *",1405995544,G0060,16
10225,1.0,2024-07-25 06:12:44.740000,0.0,1.0,2024-07-25 06:12:38.409000,0.0,1.0,2024-07-25 06:12:44.740,2024-07-25 06:12:00,2024-07-25 06:16:59,III,8,"GERMANY-DLR, HUMAIN, INDIA-GAURI, INDIA-OOTY, INDIA-UDAIPUR, NORWAY-EGERSUND, SSRT, SWISS-Landschlacht",1405923176,G0060,16
10224,1.0,2024-07-25 05:00:29.119000,0.0,1.0,2024-07-25 05:00:13.283000,0.0,1.0,2024-07-25 05:00:29.119,2024-07-25 04:50:00,2024-07-25 05:38:59,VI,10,"Australia-ASSA, EGYPT-Alexandria, GERMANY-DLR, HUMAIN, INDIA-GAURI, INDIA-OOTY, INDIA-UDAIPUR, NORWAY-EGERSUND, SSRT, SWISS-Landschlacht",1405918816,G0002,120
10202,1.0,2024-07-24 02:15:13.347000,0.0,1.0,2024-07-24 02:15:10.450000,0.0,1.0,2024-07-24 02:15:13.347,2024-07-24 02:06:00,2024-07-24 02:20:59,VI,5,"ALASKA-COHOE, ALASKA-HAARP, Australia-ASSA, INDIA-UDAIPUR, MONGOLIA-UB",1405822528,G0060,16
10192,1.0,2024-07-23 06:00:14.226000,0.0,1.0,2024-07-23 06:00:06.415000,0.0,1.0,2024-07-23 06:00:14.226,2024-07-23 05:59:00,2024-07-23 06:01:59,III,5,"GERMANY-DLR, INDIA-GAURI, INDIA-OOTY, INDIA-UDAIPUR, SSRT",1405749616,G0002,120
10191,1.0,2024-07-23 04:49:00.084000,0.0,1.0,2024-07-23 04:49:06.253000,0.0,1.0,2024-07-23 04:49:00.084,2024-07-23 04:49:00,2024-07-23 04:57:59,III,12,"ALASKA-COHOE, ALASKA-HAARP, Australia-ASSA, GERMANY-DLR, HUMAIN, INDIA-GAURI, INDIA-OOTY, INDIA-UDAIPUR, MONGOLIA-UB, MRO, NORWAY-EGERSUND, SSRT",1405745352,G0060,16
9595,1.0,2024-05-19 06:00:07.188000,0.0,1.0,2024-05-19 06:00:06.367000,0.0,1.0,2024-05-19 06:00:07.188,2024-05-19 05:51:00,2024-05-19 06:11:59,VI,15,"ALASKA-COHOE, ALMATY, Australia-ASSA, BIR, EGYPT-Alexandria, GERMANY-DLR, HUMAIN, INDIA-GAURI, INDIA-UDAIPUR, MRO, Malaysia-Banting, NORWAY-EGERSUND, SSRT, SWISS-HEITERSWIL, SWISS-Landschlacht",1400133616,G0002,296
9593,1.0,2024-05-19 04:32:00.037000,0.0,1.0,2024-05-19 04:32:00.181000,0.0,1.0,2024-05-19 04:32:00.037,2024-05-19 04:32:00,2024-05-19 04:42:59,VI,14,"ALASKA-COHOE, ALASKA-HAARP, ALMATY, Australia-ASSA, FINLAND-Siuntio, GERMANY-DLR, HUMAIN, INDIA-GAURI, INDIA-UDAIPUR, MRO, Malaysia-Banting, NORWAY-EGERSUND, SSRT, SWISS-Landschlacht",1400128216,G0002,296
9577,1.0,2024-05-18 06:31:00.258000,0.0,1.0,2024-05-18 06:31:00.951000,0.0,1.0,2024-05-18 06:31:00.258,2024-05-18 06:31:00,2024-05-18 06:35:59,III,14,"ALMATY, Australia-ASSA, (BIR), EGYPT-Alexandria, GERMANY-DLR, HUMAIN, INDIA-GAURI, INDIA-UDAIPUR, MRO, NORWAY-EGERSUND, SSRT, SWISS-HEITERSWIL, SWISS-Landschlacht, TRIEST",1400049016,G0002,296
7882,1.0,2023-11-26 05:04:15.327000,0.0,1.0,2023-11-26 05:04:00.046000,0.0,1.0,2023-11-26 05:04:15.327,2023-11-26 05:04:00,2023-11-26 05:07:59,III,4,"Australia-ASSA, INDIA-GAURI, INDIA-OOTY, SSRT",1385010256,G0002,240
8083,1.0,2023-12-20 04:17:00.242000,0.0,1.0,2023-12-20 04:17:01.440000,0.0,1.0,2023-12-20 04:17:00.242,2023-12-20 04:17:00,2023-12-20 04:20:59,RBR,1,Australia-ASSA,1387080984,G0002,240
8082,1.0,2023-12-20 03:15:05.642000,0.0,1.0,2023-12-20 03:15:05.811000,0.0,1.0,2023-12-20 03:15:05.642,2023-12-20 03:15:00,2023-12-20 03:18:59,III,2,"Australia-ASSA, INDIA-GAURI",1387077144,G0002,240
8059,1.0,2023-12-15 06:09:58.460000,0.0,1.0,2023-12-15 06:09:58.210000,0.0,1.0,2023-12-15 06:09:58.460,2023-12-15 05:58:00,2023-12-15 06:18:59,VI,5,"Australia-ASSA, INDIA-GAURI, INDIA-OOTY, SRI-Lanka, (SSRT)",1386655816,OA003,120
8055,1.0,2023-12-15 04:10:01.245000,0.0,1.0,2023-12-15 04:10:01.439000,0.0,1.0,2023-12-15 04:10:01.245,2023-12-15 04:10:00,2023-12-15 04:12:59,III,1,Australia-ASSA,1386648616,OA003,120
8054,1.0,2023-12-15 03:30:05.198000,0.0,1.0,2023-12-15 03:30:07.371000,0.0,1.0,2023-12-15 03:30:05.198,2023-12-15 03:21:00,2023-12-15 03:46:59,VI,1,Australia-ASSA,1386646216,OA003,120
8032,1.0,2023-12-12 03:41:43.695000,0.0,1.0,2023-12-12 03:41:51.375000,0.0,1.0,2023-12-12 03:41:43.695,2023-12-12 03:41:00,2023-12-12 03:43:59,II,3,"Australia-ASSA, INDIA-GAURI, (SSRT)",1386387720,C001,32
8011,1.0,2023-12-09 04:18:01.218000,0.0,1.0,2023-12-09 04:18:00.414000,0.0,1.0,2023-12-09 04:18:01.218,2023-12-09 04:18:00,2023-12-09 04:21:59,III,5,"Australia-ASSA, INDIA-GAURI, INDIA-OOTY, MONGOLIA-UB, SSRT",1386130696,OA003,120
7915,1.0,2023-11-28 05:51:05.309000,0.0,1.0,2023-11-28 05:51:05.058000,0.37065,1.0,2023-11-28 05:51:05.309,2023-11-28 05:51:00,2023-11-28 05:52:59,III,4,"Australia-ASSA, (INDIA-GAURI), INDIA-OOTY, SSRT",1385185696,G0002,240
7914,2.0,2023-11-28 03:38:02.115000,0.0,1.0,2023-11-28 03:38:00.794000,0.0,1.0,2023-11-28 03:38:02.115,2023-11-28 03:38:00,2023-11-28 03:39:59,III,1,Australia-ASSA,1385177776,G0002,240
7907,3.0,2023-11-27 05:50:29.433000,0.0,1.0,2023-11-27 05:50:00.174000,0.0,1.0,2023-11-27 05:50:29.433,2023-11-27 05:50:00,2023-11-27 05:50:59,DCIM,4,"Australia-ASSA, KASI, Malaysia-Banting, SSRT",1385099296,G0002,240
7906,1.0,2023-11-27 03:40:08.193000,0.0,1.0,2023-11-27 03:40:07.867000,0.0,1.0,2023-11-27 03:40:08.193,2023-11-27 03:40:00,2023-11-27 03:42:59,III,4,"Australia-ASSA, INDIA-GAURI, INDIA-OOTY, SSRT",1385091616,G0002,240
7883,2.0,2023-11-26 05:38:03.883000,0.0,1.0,2023-11-26 05:38:00.112000,0.0,1.0,2023-11-26 05:38:03.883,2023-11-26 05:38:00,2023-11-26 05:42:59,III,6,"Australia-ASSA, EGYPT-Alexandria, INDIA-GAURI, INDIA-OOTY, MONGOLIA-UB, SSRT",1385012176,G0002,240
7881,1.0,2023-11-26 04:10:00.222000,0.0,1.0,2023-11-26 04:10:00.411000,0.0,1.0,2023-11-26 04:10:00.222,2023-11-26 04:10:00,2023-11-26 04:19:59,III,3,"Australia-ASSA, (INDIA-GAURI), SSRT",1385006896,G0002,240
9552,1.0,2024-05-17 03:30:05.988000,0.0,1.0,2024-05-17 03:30:05.603000,0.0,1.0,2024-05-17 03:30:05.988,2024-05-17 03:21:00,2024-05-17 03:39:59,VI,8,"ALASKA-COHOE, ALASKA-HAARP, ALMATY, AUSTRIA-UNIGRAZ, Australia-ASSA, INDIA-OOTY, INDIA-UDAIPUR, SSRT",1399951816,G0002,296
7880,2.0,2023-11-26 03:20:59.643000,0.0,1.0,2023-11-26 03:20:00.311000,0.0,1.0,2023-11-26 03:20:59.643,2023-11-26 03:20:00,2023-11-26 03:29:59,III,3,"Australia-ASSA, INDIA-GAURI, SSRT",1385004016,G0002,240
7858,1.0,2023-11-25 04:43:01.800000,0.0,1.0,2023-11-25 04:43:19.509000,0.0,1.0,2023-11-25 04:43:01.800,2023-11-25 04:43:00,2023-11-25 04:46:59,III,4,"Australia-ASSA, INDIA-GAURI, INDIA-OOTY, SSRT",1384922416,G0002,240
7857,1.0,2023-11-25 04:06:08.749000,0.0,1.0,2023-11-25 04:06:00.442000,0.0,1.0,2023-11-25 04:06:08.749,2023-11-25 04:06:00,2023-11-25 04:08:59,III,4,"Australia-ASSA, INDIA-GAURI, INDIA-OOTY, SSRT",1384920256,G0002,240
7856,1.0,2023-11-25 02:15:06.065000,0.0,1.0,2023-11-25 02:15:06.207000,0.0,1.0,2023-11-25 02:15:06.065,2023-11-25 02:15:00,2023-11-25 02:22:59,III,1,Australia-ASSA,1384913536,G0002,240
7769,1.0,2023-11-14 04:45:05.293000,0.0,1.0,2023-11-14 04:45:05.512000,0.0,1.0,2023-11-14 04:45:05.293,2023-11-14 04:39:00,2023-11-14 04:46:59,III,4,"Australia-ASSA, INDIA-GAURI, INDIA-OOTY, SSRT",1383972320,C001,32
7667,1.0,2023-10-24 01:42:14.960000,0.0,1.0,2023-10-24 01:42:21.570000,0.0,1.0,2023-10-24 01:42:14.960,2023-10-24 01:42:00,2023-10-24 01:59:59,VI,1,Australia-ASSA,1382146952,G0060,16
7645,1.0,2023-09-15 06:00:06.375000,0.0,1.0,2023-09-15 06:00:05.096000,0.0,1.0,2023-09-15 06:00:06.375,2023-09-15 06:00:00,2023-09-15 06:14:59,RBR,4,"HUMAIN, INDIA-GAURI, INDIA-OOTY, NORWAY-EGERSUND",1378792600,G0002,296
7644,1.0,2023-09-15 05:53:00.348000,0.0,1.0,2023-09-15 05:53:03.063000,0.37065,1.0,2023-09-15 05:53:00.348,2023-09-15 05:53:00,2023-09-15 06:00:59,III,6,"Australia-ASSA, HUMAIN, INDIA-GAURI, INDIA-OOTY, NORWAY-EGERSUND, SSRT",1378792304,G0002,296
7639,1.0,2023-09-15 02:36:00.006000,0.0,1.0,2023-09-15 02:36:00.131000,0.0,1.0,2023-09-15 02:36:00.006,2023-09-15 02:36:00,2023-09-15 02:37:59,III,1,Australia-ASSA,1378780464,G0002,296
7638,1.0,2023-09-15 01:32:02.403000,0.0,1.0,2023-09-15 01:32:02.003000,0.0,1.0,2023-09-15 01:32:02.403,2023-09-15 01:32:00,2023-09-15 01:32:59,III,2,"(ALASKA-HAARP), Australia-ASSA",1378776616,G0002,296
6359,1.0,2023-05-25 05:03:18.581000,0.0,1.0,2023-05-25 05:03:18.233000,0.0,1.0,2023-05-25 05:03:18.581,2023-05-25 05:01:00,2023-05-25 05:17:59,VI,1,e-Callisto,1369026216,C001,8
5879,1.0,2023-04-20 03:49:18.541000,0.0,,,,1.0,2023-04-20 03:49:18.541,2023-04-20 03:49:00,2023-04-20 03:54:59,III,10,"ALASKA-COHOE, ALASKA-HAARP, ALMATY, Australia-ASSA, INDIA-GAURI, INDIA-OOTY, INDIA-UDAIPUR, Malaysia-Banting, SRI-Lanka, SSRT",1365997728,D0000,296
8084,1.0,2023-12-20 04:34:00.268000,0.0,1.0,2023-12-20 04:34:00.475000,0.0,1.0,2023-12-20 04:34:00.268,2023-12-20 04:34:00,2023-12-20 04:37:59,III,1,Australia-ASSA,1387081944,G0002,240
8101,1.0,2023-12-21 02:52:26.596000,0.0,1.0,2023-12-21 02:52:02.760000,0.0,1.0,2023-12-21 02:52:26.596,2023-12-21 02:52:00,2023-12-21 02:53:59,III,2,"Australia-ASSA, INDIA-UDAIPUR",1387162344,G0002,240
8110,1.0,2023-12-22 01:04:01.435000,0.0,1.0,2023-12-22 01:04:00.042000,0.0,1.0,2023-12-22 01:04:01.435,2023-12-22 01:04:00,2023-12-22 01:05:59,III,1,Australia-ASSA,1387242256,G0002,240
8111,1.0,2023-12-22 02:10:01.546000,0.0,1.0,2023-12-22 02:10:00.181000,0.0,1.0,2023-12-22 02:10:01.546,2023-12-22 02:10:00,2023-12-22 02:11:59,III,1,Australia-ASSA,1387246096,G0002,240
9551,1.0,2024-05-17 03:00:05.936000,0.0,2.0,2024-05-17 03:00:08.039000,0.0,1.0,2024-05-17 03:00:05.936,2024-05-17 03:00:00,2024-05-17 03:08:59,III,8,"ALASKA-COHOE, (ALASKA-HAARP), ALMATY, Australia-ASSA, INDIA-UDAIPUR, KASI, Malaysia-Banting, SSRT",1399950016,G0002,296
9550,1.0,2024-05-17 02:30:05.885000,0.0,1.0,2024-05-17 02:30:05.956000,0.0,1.0,2024-05-17 02:30:05.885,2024-05-17 02:24:00,2024-05-17 02:35:59,VI,3,"ALASKA-COHOE, ALASKA-HAARP, Australia-ASSA",1399948216,G0002,296
9509,1.0,2024-05-14 03:34:00.964000,0.0,1.0,2024-05-14 03:34:00.076000,0.0,1.0,2024-05-14 03:34:00.964,2024-05-14 03:34:00,2024-05-14 03:34:59,RSP,6,"ALASKA-COHOE, ALASKA-HAARP, Australia-ASSA, GERMANY-DLR, INDIA-UDAIPUR, Malaysia-Banting",1399692616,G0002,296
9508,1.0,2024-05-14 02:30:06.368000,0.0,1.0,2024-05-14 02:30:05.452000,0.0,1.0,2024-05-14 02:30:06.368,2024-05-14 02:24:00,2024-05-14 02:57:59,VI,5,"ALASKA-COHOE, ALASKA-HAARP, Australia-ASSA, INDIA-UDAIPUR, SSRT",1399689016,G0002,296
8644,1.0,2024-02-16 04:13:00.202000,0.0,1.0,2024-02-16 04:13:00.363000,0.0,1.0,2024-02-16 04:13:00.202,2024-02-16 04:13:00,2024-02-16 04:15:59,III,2,"Australia-ASSA, INDIA-GAURI",1392091936,D0040,120
8333,1.0,2024-01-24 06:56:46.024000,0.0,1.0,2024-01-24 06:56:47.786000,0.555975,1.0,2024-01-24 06:56:46.024,2024-01-24 06:56:00,2024-01-24 06:58:59,III,7,"(ALMATY), AUSTRIA-UNIGRAZ, (EGYPT-Alexandria), INDIA-GAURI, INDIA-OOTY, INDIA-UDAIPUR, SSRT",1390114624,C001,32
8242,1.0,2024-01-13 03:37:42.208000,0.0,1.0,2024-01-13 03:37:42.384000,0.0,1.0,2024-01-13 03:37:42.208,2024-01-13 03:33:00,2024-01-13 03:44:59,VI,2,"Australia-ASSA, (INDIA-UDAIPUR)",1389152280,G0093,904
8154,1.0,2023-12-30 04:11:00.212000,0.0,1.0,2023-12-30 04:11:26.404000,0.0,1.0,2023-12-30 04:11:00.212,2023-12-30 04:11:00,2023-12-30 04:11:59,III,1,Australia-ASSA,1387944504,G0002,240
8153,1.0,2023-12-28 03:57:03.715000,0.0,1.0,2023-12-28 03:57:03.905000,0.0,1.0,2023-12-28 03:57:03.715,2023-12-28 03:57:00,2023-12-28 03:57:59,III,1,Australia-ASSA,1387770984,G0002,240
8152,1.0,2023-12-28 03:36:09.187000,0.0,1.0,2023-12-28 03:36:13.864000,0.0,1.0,2023-12-28 03:36:09.187,2023-12-28 03:36:00,2023-12-28 03:36:59,III,1,Australia-ASSA,1387769784,G0002,240
8144,2.0,2023-12-26 04:07:30.202000,0.0,1.0,2023-12-26 04:07:02.894000,0.0,1.0,2023-12-26 04:07:30.202,2023-12-26 04:07:00,2023-12-26 04:08:59,III,3,"Australia-ASSA, INDIA-OOTY, SSRT",1387598664,G0002,240
8143,2.0,2023-12-26 03:12:56.606000,0.0,1.0,2023-12-26 03:12:00.270000,0.37065,1.0,2023-12-26 03:12:56.606,2023-12-26 03:12:00,2023-12-26 03:14:59,V,5,"Australia-ASSA, INDIA-GAURI, INDIA-OOTY, (KASI), SSRT",1387595544,G0002,240
8142,1.0,2023-12-26 02:35:02.063000,0.0,1.0,2023-12-26 02:35:01.709000,0.0,1.0,2023-12-26 02:35:02.063,2023-12-26 02:35:00,2023-12-26 02:40:59,III,1,Australia-ASSA,1387593144,G0002,240
8141,1.0,2023-12-26 02:29:01.535000,0.0,1.0,2023-12-26 02:29:16.677000,0.0,1.0,2023-12-26 02:29:01.535,2023-12-26 02:29:00,2023-12-26 02:29:59,III,1,Australia-ASSA,1387592896,G0002,240
8140,2.0,2023-12-26 02:02:44.014000,0.0,1.0,2023-12-26 02:01:02.149000,0.0,1.0,2023-12-26 02:02:44.014,2023-12-26 02:01:00,2023-12-26 02:05:59,III,1,Australia-ASSA,1387591216,G0002,240
8131,1.0,2023-12-25 06:17:00.408000,0.0,1.0,2023-12-25 06:17:00.157000,0.0,1.0,2023-12-25 06:17:00.408,2023-12-25 06:17:00,2023-12-25 06:17:59,III,1,Australia-ASSA,1387520176,OA003,120
8130,1.0,2023-12-25 05:16:00.815000,0.0,1.0,2023-12-25 05:16:01.040000,0.0,1.0,2023-12-25 05:16:00.815,2023-12-25 05:16:00,2023-12-25 05:16:59,III,1,Australia-ASSA,1387516344,G0002,240
8129,1.0,2023-12-25 04:13:08.699000,0.0,1.0,2023-12-25 04:13:04.390000,0.0,1.0,2023-12-25 04:13:08.699,2023-12-25 04:13:00,2023-12-25 04:14:59,III,4,"ALMATY, Australia-ASSA, INDIA-OOTY, SSRT",1387512736,OA003,120
8128,3.0,2023-12-25 03:54:58.173000,0.0,1.0,2023-12-25 03:51:00.358000,0.0,1.0,2023-12-25 03:54:58.173,2023-12-25 03:51:00,2023-12-25 03:56:59,III,3,"Australia-ASSA, INDIA-OOTY, SSRT",1387511544,G0002,240
8127,1.0,2023-12-25 03:20:02.128000,0.0,1.0,2023-12-25 03:20:14.796000,0.0,1.0,2023-12-25 03:20:02.128,2023-12-25 03:20:00,2023-12-25 03:21:59,III,3,"Australia-ASSA, INDIA-OOTY, SSRT",1387509384,G0002,240
8126,1.0,2023-12-25 01:08:04.911000,0.0,1.0,2023-12-25 01:08:04.521000,0.0,1.0,2023-12-25 01:08:04.911,2023-12-25 01:08:00,2023-12-25 01:16:59,III,1,Australia-ASSA,1387501696,G0002,240
8117,1.0,2023-12-23 03:41:25.223000,0.0,1.0,2023-12-23 03:41:13.899000,0.0,1.0,2023-12-23 03:41:25.223,2023-12-23 03:41:00,2023-12-23 03:41:59,III,1,Australia-ASSA,1387338024,G0002,240
8114,2.0,2023-12-22 04:50:18.848000,0.0,1.0,2023-12-22 04:48:00.068000,0.0,1.0,2023-12-22 04:50:18.848,2023-12-22 04:48:00,2023-12-22 04:56:59,III,4,"Australia-ASSA, INDIA-GAURI, INDIA-OOTY, SSRT",1387255704,G0002,240
8113,1.0,2023-12-22 04:37:00.318000,0.0,1.0,2023-12-22 04:37:02.529000,0.0,1.0,2023-12-22 04:37:00.318,2023-12-22 04:37:00,2023-12-22 04:39:59,III,1,Australia-ASSA,1387254984,G0002,240
8112,1.0,2023-12-22 04:20:00.791000,0.0,1.0,2023-12-22 04:20:00.495000,0.0,1.0,2023-12-22 04:20:00.791,2023-12-22 04:20:00,2023-12-22 04:28:59,III,1,Australia-ASSA,1387253784,G0002,240
10746,1.0,2024-09-09 05:19:38.729000,0.0,1.0,2024-09-09 05:19:38.938000,0.37065,1.0,2024-09-09 05:19:38.729,2024-09-09 05:08:00,2024-09-09 05:32:59,II,12,"(ALMATY), AUSTRIA-UNIGRAZ, Australia-ASSA, GERMANY-DLR, INDIA-OOTY, INDIA-UDAIPUR, (MONGOLIA-UB), SSRT, (SWISS-CalU), SWISS-HEITERSWIL, (SWISS-Landschlacht), TAIWAN-NCU",1409894392,G0060,16
10538,1.0,2024-08-09 03:00:07.519000,0.0,2.0,2024-08-09 03:00:06.622000,0.0,1.0,2024-08-09 03:00:07.519,2024-08-09 03:00:00,2024-08-09 03:09:59,III,2,"INDIA-UDAIPUR, *",1407207616,G0002,120
10770,1.0,2024-09-12 04:01:01.139000,0.0,1.0,2024-09-12 04:01:04.764000,0.0,1.0,2024-09-12 04:01:01.139,2024-09-12 04:01:00,2024-09-12 04:02:59,III,1,Australia-ASSA,1410148816,G0002,120
11706,1.0,2024-12-20 05:50:01.925000,0.0,1.0,2024-12-20 05:50:12.356000,0.0,1.0,2024-12-20 05:50:01.925,2024-12-20 05:50:00,2024-12-20 05:50:59,III,2,"Australia-ASSA, INDIA-OOTY",1418708896,OA004,240
11769,1.0,2024-12-27 01:27:00.207000,0.0,1.0,2024-12-27 01:27:08.669000,0.0,1.0,2024-12-27 01:27:00.207,2024-12-27 01:27:00,2024-12-27 01:28:59,III,1,Australia-ASSA,1419297856,OA004,240
11764,1.0,2024-12-25 01:03:29.194000,0.0,1.0,2024-12-25 01:03:29.658000,0.0,1.0,2024-12-25 01:03:29.194,2024-12-25 01:03:00,2024-12-25 01:03:59,III,1,Australia-ASSA,1419123616,OA004,240
11753,1.0,2024-12-24 05:06:01.734000,0.0,1.0,2024-12-24 05:06:06.673000,0.0,1.0,2024-12-24 05:06:01.734,2024-12-24 05:06:00,2024-12-24 05:10:59,III,1,Australia-ASSA,1419051856,OA004,144
11742,1.0,2024-12-23 05:01:00.208000,0.0,1.0,2024-12-23 05:01:01.144000,0.0,1.0,2024-12-23 05:01:00.208,2024-12-23 05:01:00,2024-12-23 05:10:59,III,6,"Australia-ASSA, INDIA-GAURI, INDIA-OOTY, MONGOLIA-UB, SSRT, TAIWAN-NCU",1418965248,OA004,160
11741,1.0,2024-12-23 04:35:01.138000,0.0,1.0,2024-12-23 04:35:00.080000,0.0,1.0,2024-12-23 04:35:01.138,2024-12-23 04:35:00,2024-12-23 04:38:59,III,5,"Australia-ASSA, INDIA-GAURI, INDIA-OOTY, (MONGOLIA-UB), (SSRT)",1418963536,OA004,240
11739,1.0,2024-12-23 01:06:14.653000,0.0,1.0,2024-12-23 01:06:21.616000,0.0,1.0,2024-12-23 01:06:14.653,2024-12-23 01:05:00,2024-12-23 01:07:59,III,1,Australia-ASSA,1418951192,OA004,8
11726,1.0,2024-12-22 06:20:00.409000,0.0,1.0,2024-12-22 06:20:18.338000,0.0,1.0,2024-12-22 06:20:00.409,2024-12-22 06:20:00,2024-12-22 06:24:59,III,3,"Australia-ASSA, INDIA-GAURI, INDIA-OOTY",1418883616,OA004,240
11725,1.0,2024-12-22 05:41:01.800000,0.0,1.0,2024-12-22 05:41:07.236000,0.0,1.0,2024-12-22 05:41:01.800,2024-12-22 05:41:00,2024-12-22 05:42:59,U,6,"Australia-ASSA, INDIA-GAURI, INDIA-OOTY, INDIA-UDAIPUR, MONGOLIA-UB, SSRT",1418881216,OA004,240
11724,2.0,2024-12-22 05:07:16.728000,0.0,1.0,2024-12-22 05:07:02.167000,0.0,1.0,2024-12-22 05:07:16.728,2024-12-22 05:07:00,2024-12-22 05:08:59,III,8,"ALMATY, Australia-ASSA, INDIA-GAURI, INDIA-OOTY, MONGOLIA-UB, SRI-Lanka, SSRT, UZBEKISTAN",1418879056,OA004,240
11723,1.0,2024-12-22 04:10:14.085000,0.0,1.0,2024-12-22 04:10:14.025000,0.0,1.0,2024-12-22 04:10:14.085,2024-12-22 04:09:00,2024-12-22 04:11:59,III,12,"ALMATY, Australia-ASSA, INDIA-GAURI, INDIA-OOTY, INDIA-UDAIPUR, KASI, MONGOLIA-UB, Malaysia-Banting, SRI-Lanka, SSRT, TAIWAN-NCU, UZBEKISTAN",1418875832,OA004,104
11722,1.0,2024-12-22 03:58:00.049000,0.0,1.0,2024-12-22 03:58:16.489000,0.0,1.0,2024-12-22 03:58:00.049,2024-12-22 03:58:00,2024-12-22 04:00:59,III,7,"Australia-ASSA, INDIA-GAURI, INDIA-OOTY, INDIA-UDAIPUR, MONGOLIA-UB, SSRT, TAIWAN-NCU",1418874976,OA004,240
11721,4.0,2024-12-22 01:47:35.266000,0.0,1.0,2024-12-22 01:47:01.225000,0.0,1.0,2024-12-22 01:47:35.266,2024-12-22 01:47:00,2024-12-22 01:48:59,III,3,"Australia-ASSA, MONGOLIA-UB, SSRT",1418867056,OA004,240
11715,1.0,2024-12-21 06:01:04.383000,0.0,1.0,2024-12-21 06:01:20.308000,0.0,1.0,2024-12-21 06:01:04.383,2024-12-21 06:01:00,2024-12-21 06:17:59,CTM,3,"Australia-ASSA, INDIA-GAURI, INDIA-OOTY",1418796016,OA004,240
11705,1.0,2024-12-20 05:19:00.348000,0.0,1.0,2024-12-20 05:19:04.285000,0.0,1.0,2024-12-20 05:19:00.348,2024-12-20 05:19:00,2024-12-20 05:19:59,III,1,Australia-ASSA,1418706976,OA004,240
11772,1.0,2024-12-27 06:09:05.370000,0.0,1.0,2024-12-27 06:09:08.803000,0.0,1.0,2024-12-27 06:09:05.370,2024-12-27 06:09:00,2024-12-27 06:12:59,III,1,Australia-ASSA,1419314896,OA004,240
11684,1.0,2024-12-15 05:49:42.435000,0.0,1.0,2024-12-15 05:49:42.864000,0.0,1.0,2024-12-15 05:49:42.435,2024-12-15 05:49:00,2024-12-15 05:49:59,III,3,"Australia-ASSA, INDIA-GAURI, INDIA-OOTY",1418277000,G0060,16
11683,1.0,2024-12-15 03:32:00.095000,0.0,1.0,2024-12-15 03:32:01.031000,0.0,1.0,2024-12-15 03:32:00.095,2024-12-15 03:32:00,2024-12-15 03:32:59,III,5,"Australia-ASSA, INDIA-GAURI, INDIA-UDAIPUR, MONGOLIA-UB, SSRT",1418268616,G0002,176
11681,1.0,2024-12-14 23:23:45.952000,0.0,1.0,2024-12-14 23:23:46.926000,0.0,1.0,2024-12-14 23:23:45.952,2024-12-14 23:20:00,2024-12-14 23:24:59,III,3,"Australia-ASSA, MEXART), MEXICO-LANCE",1418253840,G0060,16
11668,1.0,2024-12-13 03:21:50.518000,0.0,1.0,2024-12-13 03:22:51.464000,0.0,1.0,2024-12-13 03:21:50.518,2024-12-13 03:13:00,2024-12-13 03:42:59,VI,12,"Australia-ASSA, INDIA-GAURI, INDIA-OOTY, INDIA-UDAIPUR, INDONESIA, KASI, MONGOLIA-UB, Malaysia-Banting, SRI-Lanka, SSRT, TAIWAN-NCU, UZBEKISTAN",1418095328,G0002,8
11657,1.0,2024-12-12 01:00:11.179000,0.0,1.0,2024-12-12 01:00:12.644000,0.0,1.0,2024-12-12 01:00:11.179,2024-12-12 00:18:00,2024-12-12 01:04:59,VI,5,"ALASKA-COHOE, (ALASKA-HAARP), Australia-ASSA, MEXICO-LANCE, TAIWAN-NCU",1418000416,G0060,16
11643,1.0,2024-12-11 06:01:00.400000,0.0,1.0,2024-12-11 06:01:24.325000,0.0,1.0,2024-12-11 06:01:00.400,2024-12-11 06:01:00,2024-12-11 06:09:59,III,7,"Australia-ASSA, EGYPT-Alexandria, INDIA-GAURI, INDIA-OOTY, INDIA-UDAIPUR, SSRT, TAIWAN-NCU",1417932016,G0002,176
11642,1.0,2024-12-11 05:01:01.753000,0.0,1.0,2024-12-11 05:01:17.686000,0.0,1.0,2024-12-11 05:01:01.753,2024-12-11 05:01:00,2024-12-11 05:02:59,III,5,"Australia-ASSA, INDIA-GAURI, INDIA-OOTY, INDIA-UDAIPUR, SSRT",1417928416,G0002,176
11641,1.0,2024-12-11 03:30:11.526000,0.0,1.0,2024-12-11 03:30:12.478000,0.0,1.0,2024-12-11 03:30:11.526,2024-12-11 03:18:00,2024-12-11 03:30:59,VI,1,Australia-ASSA,1417923016,G0002,176
11638,1.0,2024-12-11 02:00:05.813000,0.0,1.0,2024-12-11 02:00:15.272000,0.0,1.0,2024-12-11 02:00:05.813,2024-12-11 01:55:00,2024-12-11 02:13:59,VI,3,"Australia-ASSA, INDIA-UDAIPUR, TAIWAN-NCU",1417917616,G0002,176
10772,1.0,2024-09-12 06:30:25.387000,0.0,1.0,2024-09-12 06:30:28.083000,0.0,1.0,2024-09-12 06:30:25.387,2024-09-12 06:30:00,2024-09-12 06:31:59,III,7,"Australia-ASSA, GERMANY-DLR, HUMAIN, INDIA-GAURI, INDIA-OOTY, INDIA-UDAIPUR, NORWAY-EGERSUND",1410157840,G0002,96
11616,1.0,2024-12-10 03:00:05.445000,0.0,1.0,2024-12-10 03:00:05.400000,0.0,1.0,2024-12-10 03:00:05.445,2024-12-10 02:55:00,2024-12-10 03:30:59,VI,6,"Australia-ASSA, INDIA-GAURI, INDIA-UDAIPUR, MONGOLIA-UB, SSRT, TAIWAN-NCU",1417834816,G0002,176
11606,1.0,2024-12-09 05:49:43.828000,0.0,1.0,2024-12-09 05:49:44.265000,0.0,1.0,2024-12-09 05:49:43.828,2024-12-09 05:44:00,2024-12-09 05:51:59,III,4,"Australia-ASSA, INDIA-GAURI, INDIA-OOTY, MONGOLIA-UB",1417758600,G0060,16
11605,1.0,2024-12-09 04:49:48.178000,0.0,1.0,2024-12-09 04:49:53.625000,0.0,1.0,2024-12-09 04:49:48.178,2024-12-09 04:47:00,2024-12-09 04:49:59,III,4,"Australia-ASSA, INDIA-GAURI, INDIA-OOTY, SSRT",1417755000,G0060,16
11770,2.0,2024-12-27 03:05:14.950000,0.0,1.0,2024-12-27 03:04:06.396000,0.0,1.0,2024-12-27 03:05:14.950,2024-12-27 03:04:00,2024-12-27 03:10:59,III,5,"Australia-ASSA, INDIA-GAURI, INDIA-UDAIPUR, MONGOLIA-UB, SSRT",1419303856,OA004,240
11779,1.0,2024-12-28 01:42:01.741000,0.0,1.0,2024-12-28 01:42:01.695000,0.0,1.0,2024-12-28 01:42:01.741,2024-12-28 01:42:00,2024-12-28 01:42:59,J,1,Australia-ASSA,1419385216,OA004,240
11578,1.0,2024-12-06 00:54:30.155000,0.0,1.0,2024-12-06 00:54:30.121000,0.0,1.0,2024-12-06 00:54:30.155,2024-12-06 00:38:00,2024-12-06 01:34:59,VI,1,Australia-ASSA,1417481688,G0060,16
11846,2.0,2024-12-31 04:30:06.202000,0.0,1.0,2024-12-31 04:30:05.149000,0.0,1.0,2024-12-31 04:30:06.202,2024-12-31 04:21:00,2024-12-31 04:30:59,---,5,"Australia-ASSA, SSRT, MONGOLIA-UB, TAIWAN-NCU, INDIA-GAURI",1419654616,G0002,176
12275,1.0,2025-01-31 05:00:05.247000,0.0,1.0,2025-01-31 05:00:06.188000,0.0,1.0,2025-01-31 05:00:05.247,2025-01-31 05:00:00,2025-01-31 05:04:59,---,6,"MONGOLIA-UB, TAIWAN-NCU, INDIA-OOTY, Australia-ASSA, SRI-Lanka, INDIA-GAURI",1422334816,G0002,176
12266,2.0,2025-01-28 08:01:50.687000,0.0,1.0,2025-01-28 08:01:42.110000,0.0,1.0,2025-01-28 08:01:50.687,2025-01-28 08:01:00,2025-01-28 08:19:59,II,11,"AUSTRIA-UNIGRAZ, INDIA-OOTY, Australia-ASSA, HUMAIN, UZBEKISTAN, USA-BOSTON, INDIA-UDAIPUR, SWISS-CalU, GERMANY-DLR, EGYPT-Alexandria, Malaysia-Banting",1422086520,G0060,16
12236,1.0,2025-01-26 05:31:00.365000,0.0,1.0,2025-01-26 05:31:00.298000,0.0,1.0,2025-01-26 05:31:00.365,2025-01-26 05:31:00,2025-01-26 05:31:59,---,3,"Australia-ASSA, INDIA-OOTY, TAIWAN-NCU",1421904616,G0002,176
12195,1.0,2025-01-25 03:30:07.534000,0.0,1.0,2025-01-25 03:30:07.481000,0.0,1.0,2025-01-25 03:30:07.534,2025-01-25 03:17:00,2025-01-25 03:30:59,---,8,"KASI, Malaysia-Banting, Australia-ASSA, INDIA-UDAIPUR, MONGOLIA-UB, SRI-Lanka, SSRT, TAIWAN-NCU",1421811016,G0002,176
12172,1.0,2025-01-24 06:01:01.888000,0.0,1.0,2025-01-24 06:01:01.814000,0.0,1.0,2025-01-24 06:01:01.888,2025-01-24 06:01:00,2025-01-24 06:01:59,---,4,"Australia-ASSA, EGYPT-Alexandria, INDIA-OOTY, SSRT",1421733616,G0002,176
12167,1.0,2025-01-24 03:19:47.486000,0.0,1.0,2025-01-24 03:19:47.430000,0.0,1.0,2025-01-24 03:19:47.486,2025-01-24 03:15:00,2025-01-24 03:19:59,---,7,"Malaysia-Banting, Australia-ASSA, KASI, SSRT, MONGOLIA-UB, UZBEKISTAN, TAIWAN-NCU",1421724000,G0002,120
12165,1.0,2025-01-24 01:53:34.271000,0.0,1.0,2025-01-24 01:53:34.224000,0.0,1.0,2025-01-24 01:53:34.271,2025-01-24 01:53:00,2025-01-24 01:53:59,---,4,"Australia-ASSA, MONGOLIA-UB, SSRT, TAIWAN-NCU",1421718832,G0002,120
12135,1.0,2025-01-23 05:30:07.788000,0.0,1.0,2025-01-23 05:30:07.727000,0.0,1.0,2025-01-23 05:30:07.788,2025-01-23 05:30:00,2025-01-23 05:30:59,---,3,"Australia-ASSA, INDIA-OOTY, TAIWAN-NCU",1421645416,G0002,176
12075,1.0,2025-01-18 05:46:30.411000,0.0,1.0,2025-01-18 05:46:36.841000,0.0,1.0,2025-01-18 05:46:30.411,2025-01-18 05:45:00,2025-01-18 05:46:59,---,5,"SRI-Lanka, TAIWAN-NCU, Australia-ASSA, INDIA-OOTY, Malaysia-Banting",1421214408,G0060,16
12057,1.0,2025-01-17 07:19:47.597000,0.0,1.0,2025-01-17 07:19:49.020000,0.0,1.0,2025-01-17 07:19:47.597,2025-01-17 07:18:00,2025-01-17 07:27:59,---,10,"SRI-Lanka, Australia-ASSA, MRT1, SSRT, GERMANY-DLR, INDIA-GAURI, TAIWAN-NCU, AUSTRIA-UNIGRAZ, INDIA-UDAIPUR, INDIA-OOTY",1421133592,G0060,16
5878,1.0,2023-04-20 03:17:00.490000,0.0,,,,1.0,2023-04-20 03:17:00.490,2023-04-20 03:17:00,2023-04-20 03:17:59,III,1,Australia-ASSA,1365995656,D0000,296
11898,2.0,2025-01-06 05:02:23.204000,0.0,1.0,2025-01-06 05:02:03.146000,0.0,1.0,2025-01-06 05:02:23.204,2025-01-06 05:02:00,2025-01-06 05:09:59,---,9,"Australia-ASSA, INDIA-UDAIPUR, TAIWAN-NCU, INDIA-GAURI, SSRT, UZBEKISTAN, MONGOLIA-UB, INDIA-OOTY, ALMATY",1420174816,G0002,176
11848,5.0,2024-12-31 05:00:35.776000,0.0,1.0,2024-12-31 05:00:06.220000,0.0,1.0,2024-12-31 05:00:35.776,2024-12-31 05:00:00,2024-12-31 05:01:59,---,5,"Australia-ASSA, MONGOLIA-UB, SSRT, TAIWAN-NCU, INDIA-GAURI",1419656416,G0002,176
11836,5.0,2024-12-31 05:00:35.776000,0.0,1.0,2024-12-31 05:00:06.220000,0.0,1.0,2024-12-31 05:00:35.776,2024-12-31 04:51:00,2024-12-31 05:03:59,III,7,"Australia-ASSA, INDIA-GAURI, INDIA-OOTY, INDIA-UDAIPUR, MONGOLIA-UB, SSRT, TAIWAN-NCU",1419656416,G0002,176
11780,1.0,2024-12-28 01:58:00.274000,0.0,1.0,2024-12-28 01:58:00.232000,0.0,1.0,2024-12-28 01:58:00.274,2024-12-28 01:58:00,2024-12-28 01:59:59,III,1,Australia-ASSA,1419386176,OA004,240
11835,2.0,2024-12-31 04:30:06.202000,0.0,1.0,2024-12-31 04:30:05.149000,0.0,1.0,2024-12-31 04:30:06.202,2024-12-31 04:21:00,2024-12-31 04:30:59,III,10,"ALMATY, Australia-ASSA, INDIA-GAURI, INDIA-OOTY, INDIA-UDAIPUR, KASI, MONGOLIA-UB, Malaysia-Banting, SSRT, TAIWAN-NCU",1419654616,G0002,176
11834,1.0,2024-12-31 03:00:09.971000,0.0,1.0,2024-12-31 03:00:09.927000,0.0,1.0,2024-12-31 03:00:09.971,2024-12-31 02:57:00,2024-12-31 03:00:59,III,7,"Australia-ASSA, INDIA-GAURI, INDIA-OOTY, INDIA-UDAIPUR, MONGOLIA-UB, SSRT, TAIWAN-NCU",1419649216,G0002,176
11822,1.0,2024-12-30 04:50:01.230000,0.0,1.0,2024-12-30 04:50:11.668000,0.0,1.0,2024-12-30 04:50:01.230,2024-12-30 04:50:00,2024-12-30 05:00:59,CTM,2,"Australia-ASSA, INDIA-GAURI",1419569296,OA004,240
11821,1.0,2024-12-30 04:29:00.659000,0.0,1.0,2024-12-30 04:29:16.597000,0.0,1.0,2024-12-30 04:29:00.659,2024-12-30 04:29:00,2024-12-30 04:30:59,DCIM,2,"MONGOLIA-UB, SSRT",1419568096,OA004,240
11820,1.0,2024-12-30 01:22:02.715000,0.0,1.0,2024-12-30 01:22:03.179000,0.0,1.0,2024-12-30 01:22:02.715,2024-12-30 01:22:00,2024-12-30 01:27:59,III,3,"Australia-ASSA, MONGOLIA-UB, TAIWAN-NCU",1419556816,OA004,240
11805,2.0,2024-12-29 05:51:21.359000,1.4826,1.0,2024-12-29 05:50:01.790000,0.0,1.0,2024-12-29 05:51:21.359,2024-12-29 05:50:00,2024-12-29 06:05:59,VI,5,"Australia-ASSA, INDIA-GAURI, INDIA-OOTY, (SSRT), TAIWAN-NCU",1419486496,OA004,240
11804,1.0,2024-12-29 04:02:00.096000,0.0,1.0,2024-12-29 04:02:24.047000,0.0,1.0,2024-12-29 04:02:00.096,2024-12-29 04:02:00,2024-12-29 04:03:59,III,5,"Australia-ASSA, INDIA-GAURI, INDIA-OOTY, SSRT, TAIWAN-NCU",1419480016,OA004,240
11801,4.0,2024-12-29 02:03:04.310000,0.0,1.0,2024-12-29 01:59:00.736000,0.0,1.0,2024-12-29 02:03:04.310,2024-12-29 01:59:00,2024-12-29 02:04:59,III,5,"Australia-ASSA, KASI, MONGOLIA-UB, SSRT, TAIWAN-NCU",1419472816,OA004,240
11787,1.0,2024-12-28 06:12:07.857000,0.0,1.0,2024-12-28 06:12:09.291000,0.0,1.0,2024-12-28 06:12:07.857,2024-12-28 06:12:00,2024-12-28 06:12:59,III,9,"ALMATY, Australia-ASSA, INDIA-GAURI, INDIA-OOTY, INDIA-UDAIPUR, MONGOLIA-UB, SSRT, TAIWAN-NCU, UZBEKISTAN",1419401536,OA004,240
11786,2.0,2024-12-28 04:45:52.686000,0.0,1.0,2024-12-28 04:45:14.625000,0.0,1.0,2024-12-28 04:45:52.686,2024-12-28 04:45:00,2024-12-28 04:47:59,V,10,"ALMATY, Australia-ASSA, INDIA-GAURI, INDIA-OOTY, INDIA-UDAIPUR, KASI, MONGOLIA-UB, SSRT, TAIWAN-NCU, UZBEKISTAN",1419396256,OA004,240
11785,1.0,2024-12-28 03:34:00.016000,0.0,1.0,2024-12-28 03:34:29.460000,0.0,1.0,2024-12-28 03:34:00.016,2024-12-28 03:34:00,2024-12-28 03:35:59,V,6,"Australia-ASSA, INDIA-GAURI, INDIA-OOTY, INDIA-UDAIPUR, MONGOLIA-UB, TAIWAN-NCU",1419391936,OA004,240
11784,1.0,2024-12-28 03:26:01.983000,0.0,1.0,2024-12-28 03:26:11.930000,0.0,1.0,2024-12-28 03:26:01.983,2024-12-28 03:26:00,2024-12-28 03:28:59,III,6,"Australia-ASSA, INDIA-GAURI, INDIA-OOTY, INDIA-UDAIPUR, MONGOLIA-UB, SSRT",1419391456,OA004,240
11781,1.0,2024-12-28 02:21:00.341000,0.0,1.0,2024-12-28 02:21:00.798000,0.0,1.0,2024-12-28 02:21:00.341,2024-12-28 02:21:00,2024-12-28 02:23:59,U,1,Australia-ASSA,1419387616,OA004,240
11579,1.0,2024-12-06 02:49:56.939000,0.0,1.0,2024-12-06 02:49:56.898000,0.0,1.0,2024-12-06 02:49:56.939,2024-12-06 02:47:00,2024-12-06 03:05:59,VI,2,"Australia-ASSA, SSRT",1417488600,G0060,16
11618,1.0,2024-12-10 07:06:14.034000,0.0,1.0,2024-12-10 07:06:14.457000,0.0,1.0,2024-12-10 07:06:14.034,2024-12-10 07:05:00,2024-12-10 07:07:59,III,6,"Australia-ASSA, EGYPT-Alexandria, INDIA-GAURI, INDIA-OOTY, INDIA-UDAIPUR, SSRT",1417849592,G0060,16
11550,1.0,2024-12-02 03:30:13.054000,0.0,1.0,2024-12-02 03:30:13.002000,0.0,1.0,2024-12-02 03:30:13.054,2024-12-02 03:25:00,2024-12-02 04:09:59,VI,5,"Australia-ASSA, INDIA-OOTY, INDIA-UDAIPUR, MONGOLIA-UB, TAIWAN-NCU",1417145416,G0002,176
10888,1.0,2024-10-03 03:30:19.177000,0.0,1.0,2024-10-03 03:30:16.839000,0.0,1.0,2024-10-03 03:30:19.177,2024-10-03 03:30:00,2024-10-03 03:35:59,III,4,"Australia-ASSA, INDIA-GAURI, INDIA-UDAIPUR, SSRT",1411961416,OA004,240
11288,1.0,2024-11-04 03:58:22.571000,0.0,1.0,2024-11-04 03:58:22.507000,0.0,1.0,2024-11-04 03:58:22.571,2024-11-04 03:56:00,2024-11-04 03:58:59,V,11,"Australia-ASSA, INDIA-GAURI, INDIA-OOTY, INDONESIA, KASI, MONGOLIA-UB, MRT1, Malaysia-Banting, SSRT, TAIWAN-NCU, UZBEKISTAN",1414727920,G0002,8
10842,1.0,2024-09-26 05:12:01.773000,0.0,2.0,2024-09-26 05:12:37.977000,0.0,1.0,2024-09-26 05:12:01.773,2024-09-26 05:12:00,2024-09-26 05:12:59,III,12,"ALMATY, AUSTRIA-UNIGRAZ, Australia-ASSA, EGYPT-Alexandria, INDIA-OOTY, INDIA-UDAIPUR, MONGOLIA-UB, Malaysia-Banting, (RWANDA), SSRT, TAIWAN-NCU, UZBEKISTAN",1411362616,OA004,240
11020,1.0,2024-10-14 00:13:34.862000,0.0,1.0,2024-10-14 00:13:34.429000,1.4826,1.0,2024-10-14 00:13:34.862,2024-10-14 00:10:00,2024-10-14 00:13:59,III,7,"ALASKA-COHOE, ALASKA-HAARP, INDONESIA, KASI, MEXART, Malaysia-Banting, SSRT",1412900032,G0002,8
11007,1.0,2024-10-12 02:56:34.569000,0.0,1.0,2024-10-12 02:56:30.206000,0.37065,1.0,2024-10-12 02:56:34.569,2024-10-12 02:54:00,2024-10-12 02:58:59,III,4,"Australia-ASSA, INDIA-GAURI, INDIA-OOTY, SSRT",1412737008,G0060,16
10971,1.0,2024-10-09 01:43:58.442000,2.9652,2.0,2024-10-09 01:43:58.550000,5.9304,1.0,2024-10-09 01:43:58.442,2024-10-09 01:43:00,2024-10-09 01:58:59,II,9,"ALASKA-ANCHORAGE, ALASKA-COHOE, ALASKA-HAARP, Australia-ASSA, INDIA-OOTY, INDIA-UDAIPUR, SSRT, TAIWAN-NCU, (UZBEKISTAN)",1412473456,G0060,16
10970,1.0,2024-10-09 01:43:58.442000,2.9652,2.0,2024-10-09 01:43:58.050000,5.9304,1.0,2024-10-09 01:43:58.442,2024-10-09 01:42:00,2024-10-09 01:43:59,III,7,"ALASKA-COHOE, ALASKA-HAARP, INDIA-OOTY, KASI, Malaysia-Banting, SSRT, TAIWAN-NCU",1412473456,G0060,16
10955,1.0,2024-10-08 02:00:14.481000,0.0,2.0,2024-10-08 02:00:16.099000,0.0,1.0,2024-10-08 02:00:14.481,2024-10-08 02:00:00,2024-10-08 02:00:59,III,3,"Australia-ASSA, (SSRT), UZBEKISTAN",1412388032,G0060,16
10922,1.0,2024-10-05 02:18:14.018000,0.0,1.0,2024-10-05 02:18:14.143000,0.0,1.0,2024-10-05 02:18:14.018,2024-10-05 02:16:00,2024-10-05 02:23:59,III,2,"Australia-ASSA, SSRT",1412129912,OA004,24
10910,1.0,2024-10-04 06:43:34.961000,0.0,1.0,2024-10-04 06:43:36.211000,0.0,1.0,2024-10-04 06:43:34.961,2024-10-04 06:30:00,2024-10-04 06:45:59,VI,11,"AUSTRIA-UNIGRAZ, Australia-ASSA, EGYPT-Alexandria, GERMANY-DLR, INDIA-GAURI, INDIA-OOTY, NORWAY-EGERSUND, SSRT, SWISS-HEITERSWIL, SWISS-Landschlacht, UZBEKISTAN",1412059432,G0060,16
10909,1.0,2024-10-04 06:11:05.913000,0.0,1.0,2024-10-04 06:11:06.147000,0.0,1.0,2024-10-04 06:11:05.913,2024-10-04 06:11:00,2024-10-04 06:12:59,III,4,"Australia-ASSA, HUMAIN, INDIA-OOTY, INDIA-UDAIPUR",1412057416,OA004,240
10853,1.0,2024-09-28 04:30:09.755000,0.0,1.0,2024-09-28 04:30:05.936000,0.0,1.0,2024-09-28 04:30:09.755,2024-09-28 04:30:00,2024-09-28 04:31:59,III,1,Australia-ASSA,1411533016,OA004,240
10859,1.0,2024-09-30 02:06:11,0.0,1.0,2024-09-30 02:06:01.620000,0.0,1.0,2024-09-30 02:06:11.000,2024-09-30 02:06:00,2024-09-30 02:09:59,III,6,"ALASKA-COHOE, ALASKA-HAARP, Australia-ASSA, INDIA-OOTY, INDIA-UDAIPUR, SSRT",1411697176,OA004,240
11548,1.0,2024-12-02 02:01:00.331000,0.0,1.0,2024-12-02 02:01:00.790000,0.0,1.0,2024-12-02 02:01:00.331,2024-12-02 02:01:00,2024-12-02 02:02:59,III,4,"Australia-ASSA, MONGOLIA-UB, SSRT, TAIWAN-NCU",1417140016,G0002,176
10860,1.0,2024-09-30 02:37:04.558000,0.0,1.0,2024-09-30 02:37:04.184000,0.0,1.0,2024-09-30 02:37:04.558,2024-09-30 02:37:00,2024-09-30 02:37:59,III,7,"ALASKA-COHOE, ALASKA-HAARP, Australia-ASSA, INDIA-OOTY, INDIA-UDAIPUR, SSRT, (UZBEKISTAN)",1411698856,OA004,240
10862,1.0,2024-09-30 05:38:06.860000,0.0,1.0,2024-09-30 05:38:02.078000,0.0,1.0,2024-09-30 05:38:06.860,2024-09-30 05:38:00,2024-09-30 05:45:59,III,7,"Australia-ASSA, (GERMANY-DLR), INDIA-OOTY, INDIA-UDAIPUR, MONGOLIA-UB, SSRT, UZBEKISTAN",1411709896,OA004,240
10907,1.0,2024-10-04 02:35:00.059000,0.0,1.0,2024-10-04 02:35:00.193000,0.555975,1.0,2024-10-04 02:35:00.059,2024-10-04 02:35:00,2024-10-04 02:35:59,III,4,"Australia-ASSA, INDIA-GAURI, INDIA-OOTY, SSRT",1412044456,OA004,240
10875,1.0,2024-10-02 02:51:08.587000,0.0,1.0,2024-10-02 02:51:00.222000,0.0,1.0,2024-10-02 02:51:08.587,2024-10-02 02:51:00,2024-10-02 02:56:59,III,5,"Australia-ASSA, INDIA-GAURI, INDIA-OOTY, INDIA-UDAIPUR, SSRT",1411872616,OA004,240
10906,1.0,2024-10-04 01:30:21.957000,0.0,1.25,2024-10-04 01:34:16.568000,1.4826,1.0,2024-10-04 01:30:21.957,2024-10-04 01:24:00,2024-10-04 01:40:59,VI,1,Australia-ASSA,1412040616,OA004,240
10876,1.0,2024-10-02 03:08:04.599000,0.0,1.0,2024-10-02 03:08:02.253000,0.0,1.0,2024-10-02 03:08:04.599,2024-10-02 03:08:00,2024-10-02 03:09:59,III,5,"Australia-ASSA, INDIA-GAURI, INDIA-OOTY, INDIA-UDAIPUR, SSRT",1411873576,OA004,240
10904,1.0,2024-10-03 23:41:22.255000,0.0,1.0,2024-10-03 23:41:18.814000,0.0,1.0,2024-10-03 23:41:22.255,2024-10-03 23:41:00,2024-10-03 23:59:59,III,3,"ALASKA-COHOE, ALASKA-HAARP, Australia-ASSA",1412034096,G0060,16
10878,1.0,2024-10-02 05:46:00.400000,0.0,1.0,2024-10-02 05:46:00.124000,0.0,1.0,2024-10-02 05:46:00.400,2024-10-02 05:46:00,2024-10-02 06:00:59,II,7,"Australia-ASSA, (EGYPT-Alexandria), HUMAIN, INDIA-GAURI, INDIA-OOTY, INDIA-UDAIPUR, (SSRT)",1411883176,OA004,240
11374,1.0,2024-11-12 06:29:02.474000,0.0,1.0,2024-11-12 06:29:02.398000,0.0,1.0,2024-11-12 06:29:02.474,2024-11-12 06:29:00,2024-11-12 06:29:59,III,1,Malaysia-Banting,1415428160,G0002,8
11384,6.0,2024-11-15 04:08:30.086000,0.0,1.0,2024-11-15 04:08:30.027000,0.0,1.0,2024-11-15 04:08:30.086,2024-11-15 04:08:00,2024-11-15 04:09:59,V,9,"Australia-ASSA, INDIA-GAURI, INDIA-OOTY, INDIA-UDAIPUR, MONGOLIA-UB, Malaysia-Banting, SRI-Lanka, SSRT, TAIWAN-NCU",1415678928,G0002,8
11385,1.0,2024-11-15 05:28:46.267000,0.0,1.0,2024-11-15 05:28:52.203000,0.0,1.0,2024-11-15 05:28:46.267,2024-11-15 05:28:00,2024-11-15 05:31:59,III,9,"ALMATY, Australia-ASSA, INDIA-GAURI, INDIA-OOTY, INDIA-UDAIPUR, MONGOLIA-UB, SRI-Lanka, SSRT, TAIWAN-NCU",1415683744,G0002,8
11487,1.0,2024-11-25 00:17:52.562000,0.0,1.0,2024-11-25 00:18:22.532000,0.0,1.0,2024-11-25 00:17:52.562,2024-11-25 00:17:00,2024-11-25 00:25:59,III,2,"Australia-ASSA, Malaysia-Banting",1416529088,G0002,8
10779,1.0,2024-09-13 04:30:09.165000,0.0,1.0,2024-09-13 04:30:05.332000,0.0,1.0,2024-09-13 04:30:09.165,2024-09-13 04:19:00,2024-09-13 04:41:59,VI,8,"ALMATY, Australia-ASSA, INDIA-GAURI, INDIA-OOTY, INDIA-UDAIPUR, SSRT, TAIWAN-NCU, UZBEKISTAN",1410237016,G0002,120
11546,1.0,2024-12-02 01:03:42.182000,0.37065,1.0,2024-12-02 01:03:45.151000,0.0,1.0,2024-12-02 01:03:42.182,2024-12-02 00:56:00,2024-12-02 01:21:59,III,2,"Australia-ASSA, Malaysia-Banting",1417136640,G0002,8
10794,1.0,2024-09-15 02:00:08.964000,0.0,1.0,2024-09-15 02:00:06.581000,0.0,1.0,2024-09-15 02:00:08.964,2024-09-15 01:42:00,2024-09-15 02:02:59,VI,2,"ALASKA-HAARP, *",1410400816,G0002,120
11539,1.0,2024-11-30 02:02:00.303000,0.185325,1.0,2024-11-30 02:02:06.266000,0.0,1.0,2024-11-30 02:02:00.303,2024-11-30 02:02:00,2024-11-30 02:02:59,III,2,"Australia-ASSA, TAIWAN-NCU",1416967216,G0002,176
11521,2.0,2024-11-28 04:00:41.085000,0.0,1.0,2024-11-28 04:00:05.026000,0.0,1.0,2024-11-28 04:00:41.085,2024-11-28 03:59:00,2024-11-28 04:02:59,III,6,"Australia-ASSA, INDIA-GAURI, MONGOLIA-UB, SSRT, TAIWAN-NCU, (UZBEKISTAN)",1416801616,G0002,176
10797,1.0,2024-09-16 05:30:15.319000,0.0,1.0,2024-09-16 05:30:16.034000,0.0,1.0,2024-09-16 05:30:15.319,2024-09-16 05:18:00,2024-09-16 06:05:59,VI,2,"HUMAIN, *",1410499816,G0002,120
11512,1.0,2024-11-27 02:30:05.379000,0.0,1.0,2024-11-27 02:30:11.844000,0.0,1.0,2024-11-27 02:30:05.379,2024-11-27 02:22:00,2024-11-27 02:32:59,VI,4,"Australia-ASSA, INDIA-GAURI, INDIA-UDAIPUR, TAIWAN-NCU",1416709816,G0002,176
11497,3.0,2024-11-26 04:00:09.639000,0.0,1.0,2024-11-26 04:00:05.085000,0.0,1.0,2024-11-26 04:00:09.639,2024-11-26 03:55:00,2024-11-26 04:01:59,III,12,"ALMATY, Australia-ASSA, INDIA-GAURI, INDIA-OOTY, INDIA-UDAIPUR, KASI, MONGOLIA-UB, Malaysia-Banting, SRI-Lanka, SSRT, TAIWAN-NCU, UZBEKISTAN",1416628816,G0002,176
11490,3.0,2024-11-25 03:00:08.949000,0.0,1.0,2024-11-25 03:00:05.396000,0.0,1.0,2024-11-25 03:00:08.949,2024-11-25 02:58:00,2024-11-25 03:20:59,VI,6,"Australia-ASSA, INDIA-GAURI, INDIA-OOTY, MONGOLIA-UB, SSRT, TAIWAN-NCU",1416538816,G0002,176
11477,2.0,2024-11-24 05:01:30.730000,0.0,1.0,2024-11-24 05:01:00.169000,0.0,1.0,2024-11-24 05:01:30.730,2024-11-24 05:01:00,2024-11-24 05:02:59,III,8,"ALMATY, Australia-ASSA, INDIA-GAURI, INDIA-OOTY, INDIA-UDAIPUR, MONGOLIA-UB, SRI-Lanka, SSRT",1416459616,G0002,176
10841,1.0,2024-09-26 02:53:00.053000,0.0,1.0,2024-09-26 02:53:00.191000,0.0,1.0,2024-09-26 02:53:00.053,2024-09-26 02:53:00,2024-09-26 02:54:59,III,5,"Australia-ASSA, INDIA-GAURI?, INDIA-OOTY, INDIA-UDAIPUR, MONGOLIA-UB",1411354216,OA004,240
10816,1.0,2024-09-22 03:01:00.088000,0.0,1.0,2024-09-22 03:01:00.234000,0.0,1.0,2024-09-22 03:01:00.088,2024-09-22 03:01:00,2024-09-22 03:14:59,VI,4,"Australia-ASSA, INDIA-GAURI, INDIA-OOTY, INDIA-UDAIPUR",1411009216,G0002,120
11476,3.0,2024-11-24 03:00:23.445000,0.0,1.0,2024-11-24 03:00:20.897000,0.0,1.0,2024-11-24 03:00:23.445,2024-11-24 03:00:00,2024-11-24 03:01:59,III,5,"Australia-ASSA, INDIA-GAURI, INDIA-OOTY, MONGOLIA-UB, SSRT",1416452416,G0002,176
11466,1.25,2024-11-23 02:15:51.408000,1.4826,1.0,2024-11-23 02:15:19.849000,0.0,1.0,2024-11-23 02:15:51.408,2024-11-23 02:15:00,2024-11-23 02:28:59,VI,4,"Australia-ASSA, INDIA-OOTY, MONGOLIA-UB, SSRT",1416363288,G0002,120
11463,1.0,2024-11-22 06:13:32.976000,0.0,1.0,2024-11-22 06:13:29.405000,0.0,1.0,2024-11-22 06:13:32.976,2024-11-22 06:13:00,2024-11-22 06:15:59,III,7,"Australia-ASSA, INDIA-GAURI, INDIA-OOTY, (MONGOLIA-UB), (SRI-Lanka), SSRT,  (UZBEKISTAN)",1416291224,G0002,8
11449,1.0,2024-11-20 04:48:38.197000,0.0,1.0,2024-11-20 04:48:38.637000,0.0,1.0,2024-11-20 04:48:38.197,2024-11-20 04:48:00,2024-11-20 04:55:59,III,11,"ALMATY, Australia-ASSA, INDIA-GAURI, INDIA-OOTY, (INDONESIA), MONGOLIA-UB, MRT1, Malaysia-Banting, SRI-Lanka, SSRT, TAIWAN-NCU",1416113336,G0002,8
11411,1.0,2024-11-17 03:38:17.507000,0.0,1.0,2024-11-17 03:38:17.452000,0.0,1.0,2024-11-17 03:38:17.507,2024-11-17 03:36:00,2024-11-17 03:40:59,III,7,"Australia-ASSA, INDIA-GAURI, INDIA-OOTY, INDIA-UDAIPUR, KASI, Malaysia-Banting, SSRT",1415849912,G0002,8
10889,1.0,2024-10-03 04:06:12.224000,0.0,1.0,2024-10-03 04:06:12.406000,0.0,1.0,2024-10-03 04:06:12.224,2024-10-03 04:06:00,2024-10-03 04:06:59,III,5,"Australia-ASSA, INDIA-GAURI, INDIA-OOTY, INDIA-UDAIPUR, SSRT",1411963576,OA004,240
10815,0.25,2024-09-22 01:18:06.417000,0.0,1.0,2024-09-22 01:18:01.516000,0.0,0.25,2024-09-22 01:18:06.417,2024-09-22 01:16:00,2024-09-22 01:28:59,VI,1,Australia-ASSA,1411003096,G0060,16
12545,1.0,2025-02-24 00:57:11.532000,0.0,0.25,2025-02-24 00:57:16.001000,0.0,0.25,2025-02-24 00:57:11.532,2025-02-24 00:57:00,2025-02-24 00:57:59,---,4,"ALASKA-COHOE, Australia-ASSA, MONGOLIA-UB, TAIWAN-NCU",1424393848,G0060,16
18355,1.0,2026-09-05 05:58:38.036000,0.0,0.25,2026-09-05 05:58:29.992000,0.0,0.25,2026-09-05 05:58:38.036,2026-09-05 05:58:00,2026-09-05 05:58:59,III/1,4,"INDIA-UDAIPUR, INDIA-GAURI, SRI-Lanka, NZ-WAIRAKEI-DLR",1472622976,OA004,240
18202,1.0,2026-07-28 04:00:05.269000,0.0,0.25,2026-07-28 04:00:06.742000,0.0,0.25,2026-07-28 04:00:05.269,2026-07-28 03:59:00,2026-07-28 04:24:59,CTM/2,9,"MRO, INDIA-UDAIPUR, INDIA-OOTY, INDIA-GAURI, SRI-Lanka, TAIWAN-NCU, Australia-ASSA, ALASKA-COHOE, ALASKA-HAARP",1469246416,G0002,120
18275,1.0,2026-08-17 06:02:22.545000,0.0,0.0,2026-08-17 06:02:00.006000,0.0,0.0,2026-08-17 06:02:22.545,2026-08-17 06:02:00,2026-08-17 06:02:59,III/1,4,"INDIA-UDAIPUR,Â INDIA-OOTY,Â INDIA-GAURI,Â Australia-ASSA",1470981616,OA004,240
16353,0.0,2026-01-16 03:11:58.409000,0.0,0.0,2026-01-16 03:11:58.360000,0.0,0.0,2026-01-16 03:11:58.409,2026-01-16 03:11:00,2026-01-16 03:11:59,RBR,2,"Australia-ASSA, NZ-WAIRAKEI-DLR",1452568336,G0060,16
18431,0.0,2026-09-10 06:48:06.228000,0.0,1.0,2026-09-10 06:48:07.682000,0.0,0.0,2026-09-10 06:48:06.228,2026-09-10 06:48:00,2026-09-10 06:50:59,IIIG/1,5,"GERMANY-DLR, ITALY-Strassolt, INDIA-UDAIPUR, INDIA-GAURI, Australia-ASSA",1473058104,G0060,16
16203,0.0,2026-01-07 01:09:50.280000,0.0,0.0,2026-01-07 01:09:50.240000,0.0,0.0,2026-01-07 01:09:50.280,2026-01-07 00:49:00,2026-01-07 01:17:59,IIIGG/2,5,"MONGOLIA-UB, TAIWAN-NCU, INDONESIA, Australia-ASSA, NZ-WAIRAKEI-DLR",1451783408,G0060,16
16640,1.0,2026-02-07 01:27:34.135000,0.0,0.0,2026-02-07 01:27:34.100000,0.0,0.0,2026-02-07 01:27:34.135,2026-02-07 01:26:00,2026-02-07 01:27:59,III/3,6,"INDIA-GAURI, SSRT, TAIWAN-NCU, INDONESIA, Australia-ASSA, NZ-WAIRAKEI-DLR",1454462872,G0060,16
16807,0.0,2026-03-16 07:40:00.167000,0.0,0.0,2026-03-16 07:40:00.075000,0.0,0.0,2026-03-16 07:40:00.167,2026-03-16 07:40:00,2026-03-16 07:40:59,III/2,7,"POLAND-BALDY, SWISS-Landschlacht, TRIEST, Australia-ASSA, INDIA-GAURI, INDIA-OOTY, TAIWAN-NCU",1457682016,G0060,16
15827,0.0,2025-11-14 07:33:02.103000,0.0,0.0,2025-11-14 07:33:02.434000,0.0,0.0,2025-11-14 07:33:02.103,2025-11-14 07:28:00,2025-11-14 07:34:59,---,24,"HUMAIN, NORWAY-EGERSUND, GERMANY-ESSEN, SWISS-CalU, SWISS-IRSOL, SWISS-Landschlacht, GERMANY-DLR, TRIEST, AUSTRIA-UNIGRAZ, HURBANOVO, MRO, ROMANIA, EGYPT-Alexandria, INDIA-UDAIPUR, ALMATY, INDIA-OOTY, INDIA-GAURI, SSRT, TAIWAN-NCU, INDONESIA, Australia-ASSA, POLAND-BALDY, UZBEKISTAN, SRI-Lanka",1447140800,G0060,16
15931,1.0,2025-12-03 02:16:54.365000,0.0,0.0,2025-12-03 02:16:54.238000,0.0,0.0,2025-12-03 02:16:54.365,2025-12-03 02:16:00,2025-12-03 02:27:59,---,7,"INDIA-GAURI, SSRT, TAIWAN-NCU, INDONESIA, Australia-ASSA, SRI-Lanka, NZ-WAIRAKEI-DLR",1448763432,G0060,16
10598,1.0,2024-08-12 00:43:58.304000,0.0,0.0,2024-08-12 00:43:58.327000,0.0,0.0,2024-08-12 00:43:58.304,2024-08-12 00:38:00,2024-08-12 00:43:59,III,2,"ALASKA-HAARP, *",1407458656,G0060,16
17467,0.0,2026-06-11 06:31:00.119000,0.0,0.0,2026-06-11 06:31:00.074000,0.0,0.0,2026-06-11 06:31:00.119,2026-06-11 06:31:00,2026-06-11 06:31:59,III/1,4,"GERMANY-DLR, MRO, INDIA-UDAIPUR, INDIA-GAURI",1465194496,OA004,240
10585,1.0,2024-08-11 05:19:36.717000,0.0,0.0,2024-08-11 05:19:34.404000,0.0,0.0,2024-08-11 05:19:36.717,2024-08-11 05:15:00,2024-08-11 05:21:59,III,2,"INDIA-UDAIPUR, *",1407388792,G0060,16
10584,1.0,2024-08-11 04:38:01.651000,0.0,0.0,2024-08-11 04:38:00.313000,0.0,0.0,2024-08-11 04:38:01.651,2024-08-11 04:38:00,2024-08-11 04:44:59,III,2,"Australia-ASSA, *",1407386288,G0060,16
18359,1.0,2026-09-05 06:57:02.161000,0.0,0.0,2026-09-05 06:57:00.117000,0.0,0.0,2026-09-05 06:57:02.161,2026-09-05 06:57:00,2026-09-05 06:57:59,III/1,5,"GERMANY-DLR, POLAND-BALDY, INDIA-UDAIPUR, INDIA-GAURI, Australia-ASSA",1472626576,OA004,240
17679,1.0,2026-07-01 05:31:00.958000,0.0,0.0,2026-07-01 05:31:00.427000,0.0,0.0,2026-07-01 05:31:00.958,2026-07-01 05:31:00,2026-07-01 05:31:59,III/1,3,"GERMANY-DLR, INDIA-UDAIPUR, INDIA-GAURI",1466919016,G0002,120
10537,1.0,2024-08-09 01:23:45.830000,0.0,0.0,2024-08-09 01:23:42.403000,0.0,0.0,2024-08-09 01:23:45.830,2024-08-09 01:09:00,2024-08-09 01:37:59,VI,2,"MONGOLIA-UB, *",1407201840,G0060,16
10536,1.0,2024-08-09 00:42:23.261000,0.0,0.0,2024-08-09 00:42:22.314000,0.0,0.0,2024-08-09 00:42:23.261,2024-08-09 00:27:00,2024-08-09 00:54:59,CTM,2,"ALASKA-HAARP, *",1407199360,G0060,16
11462,0.0,2024-11-22 05:23:10.361000,0.0,0.0,2024-11-22 05:23:10.296000,0.0,0.0,2024-11-22 05:23:10.361,2024-11-22 05:20:00,2024-11-22 05:24:59,III,5,"Australia-ASSA, INDIA-GAURI, SSRT, TAIWAN-NCU, (UZBEKISTAN)",1416288208,G0002,8
11386,0.0,2024-11-15 05:49:00.340000,0.0,0.0,2024-11-15 05:49:00.273000,0.0,0.0,2024-11-15 05:49:00.340,2024-11-15 05:49:00,2024-11-15 05:52:59,III,6,"Australia-ASSA, INDIA-GAURI, INDIA-OOTY, INDIA-UDAIPUR, MONGOLIA-UB, SSRT",1415684952,G0002,8
18081,0.0,2026-07-22 03:47:00.263000,0.37065,0.0,2026-07-22 03:47:00.233000,0.0,0.0,2026-07-22 03:47:00.263,2026-07-22 03:47:00,2026-07-22 03:59:59,CTM/2,5,"MRO, INDIA-UDAIPUR, INDIA-GAURI, TAIWAN-NCU, Australia-ASSA",1468727232,G0060,16
18186,1.0,2026-07-26 06:30:56.128000,0.0,0.0,2026-07-26 06:30:05.081000,0.0,0.0,2026-07-26 06:30:56.128,2026-07-26 06:26:00,2026-07-26 06:35:59,III/1,30,"ALGERIA-CRAAG, HUMAIN, GERMANY-ESSEN, SWISS-MUHEN, SWISS-IRSOL, SWISS-HEITERSWIL, SWISS-Landschlacht, GERMANY-DLR, TRIEST, AUSTRIA-UNIGRAZ, HURBANOVO, POLAND-BALDY, FINLAND-RUISSALO, MRO, Finland-Kempele, EGYPT-Alexandria, UZBEKISTAN, INDIA-UDAIPUR, INDIA-OOTY, INDIA-GAURI, SRI-Lanka, SSRT, MONGOLIA-UB, INDONESIA, Australia-ASSA, ALASKA-COHOE, ALASKA-HAARP, BIR, SPAIN-SIGUENZA, S-AFRICA-POTCHEFSTROOM-MWA-NS",1469082616,G0002,120
16042,1.0,2025-12-08 05:12:16.269000,0.0,0.0,2025-12-08 05:12:14.119000,0.0,0.0,2025-12-08 05:12:16.269,2025-12-08 05:10:00,2025-12-08 05:16:59,---,4,"INDIA-OOTY, INDIA-GAURI, Australia-ASSA, NZ-WAIRAKEI-DLR",1449205952,G0060,16
18336,1.0,2026-09-03 04:00:09.810000,0.0,0.0,2026-09-03 04:00:05.281000,0.0,0.0,2026-09-03 04:00:09.810,2026-09-03 04:00:00,2026-09-03 04:00:59,III/1,4,"MRO, INDIA-UDAIPUR, INDIA-GAURI, Australia-ASSA",1472443216,OA004,240
10429,0.0,2024-08-05 03:38:54.049000,0.0,1.0,2024-08-05 03:38:57.682000,0.0,0.0,2024-08-05 03:38:54.049,2024-08-05 03:38:00,2024-08-05 03:38:59,III,2,"ALASKA-HAARP, *",1406864352,G0060,16
16385,0.0,2026-01-24 02:11:58.322000,0.0,0.0,2026-01-24 02:11:58.277000,0.0,0.0,2026-01-24 02:11:58.322,2026-01-24 02:11:00,2026-01-24 02:11:59,III/1,2,"Australia-ASSA, NZ-WAIRAKEI-DLR",1453255936,G0060,16
14851,0.0,2025-08-23 06:41:58.156000,0.0,0.0,2025-08-23 06:41:58.108000,0.0,0.0,2025-08-23 06:41:58.156,2025-08-23 06:40:00,2025-08-23 06:41:59,---,12,"HUMAIN, SWISS-CalU, SWISS-IRSOL, SWISS-Landschlacht, GERMANY-DLR, TRIEST, ROMANIA, INDIA-UDAIPUR, INDIA-OOTY, SSRT, TAIWAN-NCU, Australia-ASSA",1439966536,G0060,16
18315,0.25,2026-08-30 01:19:42.437000,0.0,0.0,2026-08-30 01:19:42.425000,1.4826,0.0,2026-08-30 01:19:42.437,2026-08-30 01:14:00,2026-08-30 01:21:59,IIIG/2,6,"INDIA-GAURI, INDONESIA, Australia-ASSA, NZ-WAIRAKEI-DLR, ALASKA-COHOE, ALASKA-HAARP",1472088000,G0060,16
18221,1.0,2026-07-29 03:31:00.225000,0.0,0.0,2026-07-29 03:31:00.187000,0.0,0.0,2026-07-29 03:31:00.225,2026-07-29 03:31:00,2026-07-29 03:38:59,IIIG/2,12,"MRO, INDIA-UDAIPUR, INDIA-OOTY, INDIA-GAURI, SRI-Lanka, SSRT, TAIWAN-NCU, INDONESIA, Australia-ASSA, NZ-WAIRAKEI-DLR, ALASKA-COHOE, ALASKA-HAARP",1469331016,G0002,120
18472,1.0,2026-09-19 05:00:23.053000,0.0,0.0,2026-09-19 05:00:05.009000,0.0,0.0,2026-09-19 05:00:23.053,2026-09-19 05:00:00,2026-09-19 05:01:59,III/2,9,"AUSTRIA-UNIGRAZ, MRO, INDIA-UDAIPUR, INDIA-OOTY, INDIA-GAURI, SRI-Lanka, TAIWAN-NCU, Australia-ASSA, NZ-WAIRAKEI-DLR",1473829216,G0002,120
